WID,Producer,Region,🥇 Gold,🥈 Silver,🥉 Bronze,🏅 Total,First,Last,Years,Status,Website,Facebook,Instagram,Google,Yelp,TripAdvisor,Untappd
1314,Sidra El Gaitero,Asturias,4,12,17,33,2017,2023,4,Active,"<a href=""https://www.sidraelgaitero.com/"">Website</a>","<a href=""https://www.facebook.com/grupoelgaitero"">Facebook</a>","<a href=""https://www.instagram.com/grupoelgaitero/"">Instagram</a>","<a href=""https://maps.google.com/?cid=15753532318992345137"">Google</a>",,"<a href=""https://www.tripadvisor.com/Attraction_Review-g608997-d3239389"">TripAdvisor</a>","<a href=""https://untappd.com/brewery/4266"">Untappd</a>"
87,Angry Orchard,United States,6,9,10,25,2017,2023,4,Active,"<a href=""https://www.angryorchard.com/"">Website</a>","<a href=""https://www.facebook.com/AngryOrchard/"">Facebook</a>","<a href=""https://www.instagram.com/angryorchard/"">Instagram</a>","<a href=""https://maps.google.com/?cid=17467507983407382578"">Google</a>","<a href=""https://www.yelp.com/biz/angry-orchard-walden-2"">Yelp</a>","<a href=""https://www.tripadvisor.com/Attraction_Review-g48788-d10266026"">TripAdvisor</a>","<a href=""https://untappd.com/w/angry-orchard-cider-company/16455"">Untappd</a>"
1674,Sidra Trabanco,Asturias,4,8,13,25,2017,2023,4,Active,"<a href=""https://www.sidratrabanco.com/"">Website</a>","<a href=""https://www.facebook.com/sidratrabanco/"">Facebook</a>","<a href=""https://www.instagram.com/sidratrabanco/"">Instagram</a>","<a href=""https://maps.google.com/?cid=8706552013547802387"">Google</a>",,,"<a href=""https://untappd.com/brewery/6382"">Untappd</a>"
1343,Weidmann & Groh,Germany,11,5,3,19,2017,2023,4,Active,"<a href=""https://weidmann-groh.de/"">Website</a>","<a href=""https://www.facebook.com/pages/WEIDMANN-GROH/138116339592327"">Facebook</a>",,"<a href=""https://maps.google.com/?cid=6569120976887073603"">Google</a>",,,"<a href=""https://untappd.com/w/weidmann-groh/73065"">Untappd</a>"
1172,Zapiain,Basque Country,11,2,3,16,2017,2023,4,Active,"<a href=""https://zapiain.eus/"">Website</a>","<a href=""https://www.facebook.com/zapiainsagardoa"">Facebook</a>","<a href=""https://www.instagram.com/zapiainsagardoa/"">Instagram</a>","<a href=""https://maps.google.com/?cid=16982677267877188990"">Google</a>",,"<a href=""https://www.tripadvisor.com/Restaurant_Review-g1064182-d3806229"">TripAdvisor</a>","<a href=""https://untappd.com/ZapiainSagardoa"">Untappd</a>"
2029,Floribunda,Italy,11,4,0,15,2017,2023,4,Active,"<a href=""https://www.floribunda.it/"">Website</a>",,"<a href=""https://www.instagram.com/floribundacider/"">Instagram</a>","<a href=""https://maps.google.com/?cid=14548393953505771229"">Google</a>",,,"<a href=""https://untappd.com/w/floribunda/333615"">Untappd</a>"
1473,Sidra Castañón,Asturias,7,5,2,14,2017,2023,4,Active,"<a href=""https://sidracastanon.com/"">Website</a>","<a href=""https://www.facebook.com/sidracastanon/"">Facebook</a>","<a href=""https://www.instagram.com/sidracastanon/"">Instagram</a>","<a href=""https://maps.google.com/?cid=3082307260151948865"">Google</a>",,"<a href=""https://www.tripadvisor.com/Attraction_Review-g2186312-d12246874"">TripAdvisor</a>","<a href=""https://untappd.com/w/llagar-sidra-casta-n/81481"">Untappd</a>"
1921,Sidra Somarroza,Cantabria,4,4,5,13,2019,2023,3,Active,"<a href=""https://sidrasomarroza.es/"">Website</a>","<a href=""https://www.facebook.com/sidrasomarroza"">Facebook</a>","<a href=""https://www.instagram.com/sidrasomarroza/"">Instagram</a>","<a href=""https://maps.google.com/?cid=7109045394192195825"">Google</a>",,,"<a href=""https://untappd.com/w/somarroza/147830"">Untappd</a>"
1519,Sidra Panizales,Asturias,7,1,4,12,2017,2021,3,Active,"<a href=""https://sidrapanizales.com/"">Website</a>","<a href=""https://www.facebook.com/panizales.sidra"">Facebook</a>","<a href=""https://www.instagram.com/sidrapanizales/"">Instagram</a>","<a href=""https://maps.google.com/?cid=16258480851124885832"">Google</a>",,"<a href=""https://www.tripadvisor.com/Restaurant_Review-g775263-d7621234"">TripAdvisor</a>","<a href=""https://untappd.com/w/llagar-panizales/152401"">Untappd</a>"
1610,Sidra Mayador,Asturias,2,6,4,12,2017,2023,3,Active,"<a href=""http://www.mayador.com/"">Website</a>","<a href=""https://www.facebook.com/sidramayadorcider"">Facebook</a>","<a href=""https://www.instagram.com/sidramayador/"">Instagram</a>","<a href=""https://maps.google.com/?cid=6886369759358960464"">Google</a>",,,"<a href=""https://untappd.com/SidraMayador"">Untappd</a>"
2544,Åkre Gård,Norway,6,3,1,10,2019,2021,2,Active,"<a href=""https://aakre-gard.no/"">Website</a>","<a href=""https://www.facebook.com/EdelSider/"">Facebook</a>","<a href=""https://www.instagram.com/edelsider"">Instagram</a>","<a href=""https://maps.google.com/?cid=10200668651455703399"">Google</a>",,"<a href=""https://www.tripadvisor.com/Attraction_Review-g21171125-d21170815"">TripAdvisor</a>","<a href=""https://untappd.com/Aakre_Gard"">Untappd</a>"
1548,Seppelbauer,Austria,6,2,2,10,2023,2023,1,Active,"<a href=""https://www.seppelbauer.at/"">Website</a>","<a href=""https://www.facebook.com/pages/Seppelbauers-Obstparadies/208933892492272"">Facebook</a>","<a href=""https://www.instagram.com/seppelbauer/"">Instagram</a>",,,,"<a href=""https://untappd.com/w/mostheuriger-seppelbauer-datzberger/309349"">Untappd</a>"
1414,Ulvik Frukt & Cideri,Norway,5,3,2,10,2019,2023,3,Active,"<a href=""http://www.hakastadsider.no/"">Website</a>","<a href=""https://www.facebook.com/pages/Ulvik-Frukt-Cideri/191311970916027"">Facebook</a>",,"<a href=""https://maps.google.com/?cid=8381380851022975775"">Google</a>",,,"<a href=""https://untappd.com/brewery/60198"">Untappd</a>"
1639,Oiharte,Basque Country,3,3,4,10,2017,2023,4,Active,"<a href=""https://oiharte.com/"">Website</a>","<a href=""https://www.facebook.com/CasaRuralSidreriaOiharte"">Facebook</a>","<a href=""https://www.instagram.com/oiharte/"">Instagram</a>","<a href=""https://maps.google.com/?cid=7283611563965022999"">Google</a>",,"<a href=""https://www.tripadvisor.com/Restaurant_Review-g1235389-d2470675"">TripAdvisor</a>","<a href=""https://untappd.com/w/oiharte-sagardotegia/351344"">Untappd</a>"
1673,Sidra Riestra,Asturias,1,4,5,10,2017,2023,4,Active,"<a href=""http://www.sidrariestra.com/"">Website</a>","<a href=""https://www.facebook.com/SidraRiestra"">Facebook</a>","<a href=""https://www.instagram.com/sidrariestra/"">Instagram</a>","<a href=""https://maps.google.com/?cid=2253085342105400787"">Google</a>",,,"<a href=""https://untappd.com/w/riestra/70601"">Untappd</a>"
2397,Pomologik,Sweden,4,2,3,9,2023,2023,1,Active,"<a href=""https://www.pomologik.se/"">Website</a>","<a href=""https://www.facebook.com/pomologik"">Facebook</a>","<a href=""https://www.instagram.com/Pomologik/"">Instagram</a>","<a href=""https://maps.google.com/?cid=17836181822390207936"">Google</a>",,,"<a href=""https://untappd.com/Pomologik_swe"">Untappd</a>"
62,Vander Mill,United States,3,3,3,9,2019,2023,2,Active,"<a href=""http://vandermill.com/"">Website</a>","<a href=""https://www.facebook.com/VanderMillGR"">Facebook</a>","<a href=""https://www.instagram.com/vandermill/"">Instagram</a>","<a href=""https://maps.google.com/?cid=6214407049389872858"">Google</a>","<a href=""https://www.yelp.com/biz/vander-mill-grand-rapids-grand-rapids-5"">Yelp</a>","<a href=""https://www.tripadvisor.com/Restaurant_Review-g42256-d10325970"">TripAdvisor</a>","<a href=""https://untappd.com/w/vander-mill/8388"">Untappd</a>"
2660,Elegast Cidery,Netherlands,0,2,7,9,2021,2023,2,Active,"<a href=""https://elegastcider.nl/"">Website</a>","<a href=""https://www.facebook.com/elegastcidery/"">Facebook</a>","<a href=""https://www.instagram.com/elegast_cidery/"">Instagram</a>","<a href=""https://maps.google.com/?cid=5936408747857287023"">Google</a>",,,"<a href=""https://untappd.com/ElegastCidery"">Untappd</a>"
1546,Isastegi,Basque Country,1,5,2,8,2017,2023,4,Active,"<a href=""https://www.isastegi.com/"">Website</a>","<a href=""https://www.facebook.com/isastegi.sagardotegia"">Facebook</a>","<a href=""https://www.instagram.com/isastegi/"">Instagram</a>","<a href=""https://maps.google.com/?cid=3927960308349571227"">Google</a>",,"<a href=""https://www.tripadvisor.com/Restaurant_Review-g1064362-d5772954"">TripAdvisor</a>","<a href=""https://untappd.com/brewery/6054"">Untappd</a>"
1574,Kelterei Heil,Germany,0,5,3,8,2017,2019,2,Active,"<a href=""https://kelterei-heil.de/"">Website</a>","<a href=""https://www.facebook.com/keltereiheil/"">Facebook</a>","<a href=""https://www.instagram.com/keltereiheil"">Instagram</a>","<a href=""https://maps.google.com/?cid=18431477139160593371"">Google</a>",,,"<a href=""https://untappd.com/brewery/33255"">Untappd</a>"
2481,L'Aubinière,France,3,2,2,7,2023,2023,1,Active,"<a href=""https://www.laubiniere.fr/"">Website</a>","<a href=""https://www.facebook.com/laubiniere/"">Facebook</a>","<a href=""https://www.instagram.com/laubiniere/"">Instagram</a>","<a href=""https://maps.google.com/?cid=3202157626582316196"">Google</a>",,,"<a href=""https://untappd.com/w/l-aubiniere/531046"">Untappd</a>"
1167,Alorrenea,Basque Country,2,3,2,7,2017,2023,4,Active,"<a href=""https://alorrenea.com/"">Website</a>","<a href=""https://www.facebook.com/Alorrenea/"">Facebook</a>","<a href=""https://www.instagram.com/alorrenea/"">Instagram</a>","<a href=""https://maps.google.com/?cid=7369065934381285009"">Google</a>","<a href=""https://www.yelp.com/biz/alorrenea-astigarraga"">Yelp</a>","<a href=""https://www.tripadvisor.com/Restaurant_Review-g1064182-d3809108"">TripAdvisor</a>","<a href=""https://untappd.com/w/sidreria-alorrena/64396"">Untappd</a>"
1675,Sidra Viuda de Angelón,Asturias,2,3,2,7,2017,2023,2,Active,"<a href=""http://www.sidraviudaangelonpomar.es/"">Website</a>","<a href=""https://www.facebook.com/sidrapomar.viudaangelon/"">Facebook</a>","<a href=""https://www.instagram.com/Sidraviudaangelon/"">Instagram</a>","<a href=""https://maps.google.com/?cid=13173562328637195239"">Google</a>",,,"<a href=""https://untappd.com/w/viuda-de-angela3n/142823"">Untappd</a>"
1119,Thatchers Cider,England,2,3,2,7,2017,2019,2,Active,"<a href=""https://www.thatcherscider.co.uk/"">Website</a>","<a href=""https://www.facebook.com/ThatchersCiderCompany"">Facebook</a>","<a href=""https://www.instagram.com/thatcherscider/"">Instagram</a>","<a href=""https://maps.google.com/?cid=15191093037076298219"">Google</a>",,"<a href=""https://www.tripadvisor.com/Attraction_Review-g4412909-d11019728"">TripAdvisor</a>","<a href=""https://untappd.com/brewery/3063"">Untappd</a>"
1649,Cidrerie Berri,Basque Country,1,4,2,7,2017,2023,4,Active,"<a href=""https://txopinondo.fr/"">Website</a>","<a href=""https://www.facebook.com/txopinondo"">Facebook</a>","<a href=""https://www.instagram.com/txopinondo/"">Instagram</a>","<a href=""https://maps.google.com/?cid=14446292626809718341"">Google</a>",,"<a href=""https://www.tripadvisor.com/Restaurant_Review-g1118261-d2139433"">TripAdvisor</a>","<a href=""https://untappd.com/w/cidrerie-txopinondo/215570"">Untappd</a>"
2752,Mooma,Catalonia,1,3,3,7,2017,2023,2,Active,"<a href=""https://mooma.cat/"">Website</a>","<a href=""https://www.facebook.com/sidreriamooma/"">Facebook</a>","<a href=""https://www.instagram.com/mooma/"">Instagram</a>","<a href=""https://maps.google.com/?cid=11350926811080988766"">Google</a>",,"<a href=""https://www.tripadvisor.com/Restaurant_Review-g3501872-d13815642"">TripAdvisor</a>","<a href=""https://untappd.com/w/mooma/254950"">Untappd</a>"
255,Eden Ciders,United States,3,1,2,6,2021,2021,1,Active,"<a href=""https://www.edenciders.com/"">Website</a>","<a href=""https://facebook.com/edenspecialtyciders"">Facebook</a>","<a href=""https://www.instagram.com/edenciders/"">Instagram</a>","<a href=""https://maps.google.com/?cid=1133141626652589768"">Google</a>","<a href=""https://www.yelp.com/biz/northeast-kingdom-tasting-center-newport"">Yelp</a>","<a href=""https://www.tripadvisor.com/Restaurant_Review-g57335-d4675348"">TripAdvisor</a>","<a href=""https://untappd.com/w/eden-specialty-ciders/13108"">Untappd</a>"
1555,Mostbauernhof Distelberger,Austria,1,3,2,6,2023,2023,1,Active,"<a href=""http://www.distelberger.at/"">Website</a>",,,"<a href=""https://maps.google.com/?cid=11354772379381960347"">Google</a>",,,
1371,Cidre Sorre,France,1,2,3,6,2023,2023,1,Active,"<a href=""https://www.cidre-sorre.fr/"">Website</a>","<a href=""https://www.facebook.com/CidrerieSorre/"">Facebook</a>","<a href=""https://www.instagram.com/cidreriesorre/"">Instagram</a>","<a href=""https://maps.google.com/?cid=3277478841126723957"">Google</a>","<a href=""https://www.yelp.com/biz/chapron-cidre-sorre-ets-plerguer-2"">Yelp</a>","<a href=""https://www.tripadvisor.com/Attraction_Review-g8506159-d8653800"">TripAdvisor</a>","<a href=""https://untappd.com/w/cidre-sorre/16758"">Untappd</a>"
1166,Sidra Piñera,Asturias,1,2,3,6,2017,2021,3,Active,"<a href=""https://www.sidrapinera.es/"">Website</a>","<a href=""https://www.facebook.com/sidrapinera/"">Facebook</a>","<a href=""https://www.instagram.com/sidrapinera/"">Instagram</a>","<a href=""https://maps.google.com/?cid=3226166040134745626"">Google</a>",,,
3628,Sidra La Borda de Basajaun,Basque Country,0,4,2,6,2019,2023,3,Active,,"<a href=""https://www.facebook.com/sidra.basajaun"">Facebook</a>","<a href=""https://www.instagram.com/sidra.labordadebasajaun/"">Instagram</a>",,,,
1325,Apfelweinkontor,Germany,3,1,1,5,2023,2023,1,Active,"<a href=""https://www.apfelweinkontor.com/"">Website</a>","<a href=""https://www.facebook.com/Apfelweinkontor"">Facebook</a>","<a href=""https://www.instagram.com/apfelweinkontor/"">Instagram</a>","<a href=""https://maps.google.com/?cid=599143855742456461"">Google</a>",,"<a href=""https://www.tripadvisor.com/Attraction_Review-g187337-d6922559"">TripAdvisor</a>","<a href=""https://untappd.com/w/apfelweinkontor-frankfurt/468433"">Untappd</a>"
1173,Zelaia,Basque Country,1,4,0,5,2017,2019,2,Active,"<a href=""https://zelaia.eus/"">Website</a>","<a href=""https://www.facebook.com/sidreriazelaia/"">Facebook</a>","<a href=""https://www.instagram.com/sidreriazelaia/"">Instagram</a>","<a href=""https://maps.google.com/?cid=3059185310841362913"">Google</a>","<a href=""https://www.yelp.com/biz/zelaia-hernani-2"">Yelp</a>","<a href=""https://www.tripadvisor.com/Restaurant_Review-g1064188-d3572893"">TripAdvisor</a>","<a href=""https://untappd.com/w/sidreria-zelaia-sagardotegia/17632"">Untappd</a>"
1326,Bembel With Care,Germany,1,2,2,5,2017,2017,1,Active,"<a href=""https://bembel-with-care.com/"">Website</a>","<a href=""https://www.facebook.com/bembel.with.care"">Facebook</a>","<a href=""https://www.instagram.com/bembel.with.care/"">Instagram</a>",,,,"<a href=""https://untappd.com/bembelwithcare"">Untappd</a>"
1139,Domaine Bordatto,Basque Country,1,1,3,5,2017,2017,1,Active,"<a href=""https://www.domainebordatto.com/"">Website</a>","<a href=""https://www.facebook.com/bordattovigneroncidrier/"">Facebook</a>",,"<a href=""https://maps.google.com/?cid=8144559227920719273"">Google</a>",,"<a href=""https://www.tripadvisor.com/Attraction_Review-g1915349-d6851039"">TripAdvisor</a>","<a href=""https://untappd.com/brewery/27886"">Untappd</a>"
2746,Hardangergutane,Norway,1,1,3,5,2019,2023,2,Active,"<a href=""https://hardangergutane.no/"">Website</a>","<a href=""https://www.facebook.com/Hardangergutane/"">Facebook</a>","<a href=""https://www.instagram.com/hardangergutane/"">Instagram</a>","<a href=""https://maps.google.com/?cid=10940983309801750674"">Google</a>",,"<a href=""https://www.tripadvisor.com/Restaurant_Review-g2328851-d23478417"">TripAdvisor</a>","<a href=""https://untappd.com/w/hardangergutane/429679"">Untappd</a>"
2747,Kuartango,Basque Country,1,1,3,5,2019,2023,3,Active,"<a href=""https://kuartangosagardotegia.com/"">Website</a>","<a href=""https://www.facebook.com/SidreKuartango/"">Facebook</a>","<a href=""https://www.instagram.com/sidrekuartango/"">Instagram</a>","<a href=""https://maps.google.com/?cid=6181081338579081204"">Google</a>",,"<a href=""https://www.tripadvisor.com/Restaurant_Review-g25546823-d25546810"">TripAdvisor</a>","<a href=""https://untappd.com/w/sidreria-kuartango/438568"">Untappd</a>"
2742,Baldorba Naturel & Sagarraleku,Basque Country,1,0,4,5,2021,2023,2,Active,"<a href=""https://www.sidrasbaldorbanaturel.com/"">Website</a>","<a href=""https://www.facebook.com/sagarraleku/"">Facebook</a>","<a href=""https://www.instagram.com/sidrasbaldorbanaturel/"">Instagram</a>",,,,"<a href=""https://untappd.com/w/baldorba-sagardotegia/336919"">Untappd</a>"
1595,Distillerie du Gorvello,France,0,4,1,5,2017,2017,1,Active,"<a href=""https://www.distilleriedugorvello.fr/"">Website</a>","<a href=""https://www.facebook.com/profile.php?id=100069448008978"">Facebook</a>","<a href=""https://www.instagram.com/distilleriedugorvello.bzh/"">Instagram</a>","<a href=""https://maps.google.com/?cid=13385362377425184430"">Google</a>",,"<a href=""https://www.tripadvisor.com/Attraction_Review-g2184206-d10593781"">TripAdvisor</a>","<a href=""https://untappd.com/w/distillerie-du-gorvello/69203"">Untappd</a>"
1170,Gurutzeta,Basque Country,0,4,1,5,2017,2021,3,Active,"<a href=""https://www.gurutzeta.com/"">Website</a>","<a href=""https://www.facebook.com/profile.php?id=100063653015548"">Facebook</a>","<a href=""https://www.instagram.com/gurutzeta_sagar/"">Instagram</a>","<a href=""https://maps.google.com/?cid=3267815348998464054"">Google</a>",,"<a href=""https://www.tripadvisor.com/Restaurant_Review-g1064182-d3915865"">TripAdvisor</a>","<a href=""https://untappd.com/w/gurutzeta-sagardotegia/249476"">Untappd</a>"
1624,Araeta,Basque Country,0,3,2,5,2017,2019,2,Active,"<a href=""https://araeta.com/"">Website</a>","<a href=""https://www.facebook.com/pages/Araeta-Restaurante/294806956757"">Facebook</a>","<a href=""https://www.instagram.com/sidreria_araeta/"">Instagram</a>","<a href=""https://maps.google.com/?cid=16679682521656072832"">Google</a>",,"<a href=""https://www.tripadvisor.com/Restaurant_Review-g187457-d2482068"">TripAdvisor</a>","<a href=""https://untappd.com/w/araeta-sagardotegia/372000"">Untappd</a>"
1995,Berryland,Ukraine,0,3,2,5,2021,2021,1,Inactive,"<a href=""http://berryland.shop/"">Website</a>","<a href=""https://www.facebook.com/ciderua/"">Facebook</a>","<a href=""https://www.instagram.com/berrylandcidery/"">Instagram</a>",,,,"<a href=""https://untappd.com/BerrylandUA"">Untappd</a>"
2745,Cider Sekt,Czechia,0,3,2,5,2021,2023,2,Active,"<a href=""https://www.cidersekt.cz/"">Website</a>","<a href=""https://www.facebook.com/cidertalk/"">Facebook</a>","<a href=""https://www.instagram.com/cidertalk/"">Instagram</a>","<a href=""https://maps.google.com/?cid=1744130511388226457"">Google</a>",,,"<a href=""https://untappd.com/w/provoco/396367"">Untappd</a>"
2688,Astarbe,Basque Country,0,2,3,5,2017,2021,3,Active,"<a href=""https://www.astarbe.eus/"">Website</a>","<a href=""https://www.facebook.com/AstarbeSagar"">Facebook</a>","<a href=""https://www.instagram.com/astarbesagar/"">Instagram</a>","<a href=""https://maps.google.com/?cid=4931185880912606614"">Google</a>","<a href=""https://www.yelp.com/biz/astarbe-astigarraga"">Yelp</a>","<a href=""https://www.tripadvisor.com/Restaurant_Review-g1064182-d3250869"">TripAdvisor</a>","<a href=""https://untappd.com/w/sidreria-astarbe-sagardotegia/40068"">Untappd</a>"
1927,Jaanihanso,Estonia,0,2,3,5,2021,2021,1,Active,"<a href=""http://www.jaanihanso.ee/"">Website</a>","<a href=""https://www.facebook.com/Jaanihanso"">Facebook</a>","<a href=""https://www.instagram.com/jaanihanso/"">Instagram</a>","<a href=""https://maps.google.com/?cid=7606641832512391290"">Google</a>",,"<a href=""https://www.tripadvisor.com/Attraction_Review-g274956-d12851482"">TripAdvisor</a>","<a href=""https://untappd.com/Jaanihanso"">Untappd</a>"
1381,Pips Cider,England,0,2,3,5,2017,2019,2,Active,"<a href=""http://www.pipscider.com/"">Website</a>","<a href=""https://www.facebook.com/PipsCider"">Facebook</a>","<a href=""https://www.instagram.com/pipscider/"">Instagram</a>","<a href=""https://maps.google.com/?cid=16039788259014934478"">Google</a>",,,"<a href=""https://untappd.com/w/pips-cider-limited/159027"">Untappd</a>"
2518,Hawkes,England,0,1,4,5,2019,2019,1,Active,"<a href=""https://wearehawkes.com/"">Website</a>","<a href=""https://www.facebook.com/wearehawkes/"">Facebook</a>","<a href=""https://www.instagram.com/hawkescidertap/"">Instagram</a>",,,,"<a href=""https://untappd.com/HawkesLondon"">Untappd</a>"
1479,Sidra Fran,Asturias,2,2,0,4,2021,2023,2,Active,"<a href=""https://sidrafran.es/"">Website</a>",,"<a href=""https://www.instagram.com/sidrafran1918/"">Instagram</a>","<a href=""https://maps.google.com/?cid=15672106953833908893"">Google</a>",,"<a href=""https://www.tripadvisor.com/Restaurant_Review-g2437300-d7244547"">TripAdvisor</a>","<a href=""https://untappd.com/w/sidra-fran/85954"">Untappd</a>"
1165,Sidra Menéndez,Asturias,1,3,0,4,2017,2021,2,Active,"<a href=""https://www.sidramenendez.com/"">Website</a>","<a href=""https://www.facebook.com/sidramenendez/"">Facebook</a>","<a href=""https://www.instagram.com/sidra_menendez/"">Instagram</a>","<a href=""https://maps.google.com/?cid=17564685525851225222"">Google</a>",,,"<a href=""https://untappd.com/w/sidra-menendez/55771"">Untappd</a>"
3599,Cydr Jabłkowy,Poland,1,2,1,4,2017,2019,2,Inactive,,"<a href=""https://www.facebook.com/cydrjablkowy/"">Facebook</a>",,,,,"<a href=""https://untappd.com/w/krzysztof-winnicki/393819"">Untappd</a>"
1958,Killahora Orchards,Ireland,1,2,1,4,2023,2023,1,Active,"<a href=""https://www.killahoraorchards.ie/"">Website</a>","<a href=""https://www.facebook.com/killahora/"">Facebook</a>","<a href=""https://www.instagram.com/killahora/"">Instagram</a>",,,,"<a href=""https://untappd.com/w/killahora-orchards/437436"">Untappd</a>"
972,Son of Man,United States,1,2,1,4,2021,2023,2,Active,"<a href=""https://www.sonofman.co/"">Website</a>",,"<a href=""https://www.instagram.com/sonofman.co/"">Instagram</a>",,,,"<a href=""https://untappd.com/w/son-of-man-sagardo/428029"">Untappd</a>"
89,ANXO Cider,United States,1,1,2,4,2023,2023,1,Active,"<a href=""https://store.anxodc.com/"">Website</a>","<a href=""https://www.facebook.com/ANXOcider"">Facebook</a>","<a href=""https://www.instagram.com/anxodistrict/"">Instagram</a>","<a href=""https://maps.google.com/?cid=9806483452569861957"">Google</a>","<a href=""https://www.yelp.com/biz/anxo-cidery-and-tasting-room-washington"">Yelp</a>","<a href=""https://www.tripadvisor.com/Restaurant_Review-g28970-d18923653"">TripAdvisor</a>","<a href=""https://untappd.com/ANXOCidery"">Untappd</a>"
1171,Petritegi,Basque Country,1,1,2,4,2017,2023,3,Active,"<a href=""https://www.petritegi.com/"">Website</a>","<a href=""https://www.facebook.com/Petritegi/"">Facebook</a>","<a href=""https://www.instagram.com/petritegi"">Instagram</a>","<a href=""https://maps.google.com/?cid=16425101977693923721"">Google</a>","<a href=""https://www.yelp.com/biz/petritegi-astigarraga"">Yelp</a>","<a href=""https://www.tripadvisor.com/Restaurant_Review-g1064182-d2266030"">TripAdvisor</a>","<a href=""https://untappd.com/brewery/51639"">Untappd</a>"
1486,Sidra Ribela,Galicia,1,0,3,4,2017,2019,2,Active,"<a href=""https://ribela.es/"">Website</a>","<a href=""https://www.facebook.com/profile.php?id=100057701497775"">Facebook</a>",,"<a href=""https://maps.google.com/?cid=4872815371612917435"">Google</a>",,,"<a href=""https://untappd.com/jesusarmenteros"">Untappd</a>"
2723,Het Hamerstuk,Netherlands,0,4,0,4,2023,2023,1,Active,"<a href=""https://hethamerstuk.nl/"">Website</a>","<a href=""https://www.facebook.com/HetHamerstuk/"">Facebook</a>","<a href=""https://www.instagram.com/hethamerstuk"">Instagram</a>","<a href=""https://maps.google.com/?cid=11584128023568770529"">Google</a>",,,"<a href=""https://untappd.com/Hamerstuk"">Untappd</a>"
2698,Ramborn Cider Co.,Luxembourg,0,4,0,4,2019,2019,1,Active,"<a href=""https://www.ramborn.com/"">Website</a>","<a href=""https://www.facebook.com/RambornUS/"">Facebook</a>","<a href=""https://www.instagram.com/rambornciderco/"">Instagram</a>","<a href=""https://maps.google.com/?cid=16691194016355154342"">Google</a>",,"<a href=""https://www.tripadvisor.com/Attraction_Review-g206525-d12591209"">TripAdvisor</a>","<a href=""https://untappd.com/Ramborn"">Untappd</a>"
2396,Kühbrein Most,Austria,0,3,1,4,2023,2023,1,Active,"<a href=""https://www.kuehbreinmost.at/"">Website</a>","<a href=""https://www.facebook.com/KuhbreinMost/"">Facebook</a>","<a href=""https://www.instagram.com/kuehbrein__/"">Instagram</a>","<a href=""https://maps.google.com/?cid=6347288815375920345"">Google</a>",,,"<a href=""https://untappd.com/w/k-hbrein/425089"">Untappd</a>"
1615,Izeta,Basque Country,0,2,2,4,2017,2021,3,Active,"<a href=""https://www.izeta.es/"">Website</a>","<a href=""https://www.facebook.com/IzetaSagardotegia"">Facebook</a>","<a href=""https://www.instagram.com/izetasagardotegia/"">Instagram</a>","<a href=""https://maps.google.com/?cid=5193661031886461877"">Google</a>","<a href=""https://www.yelp.com/map/izeta-sidreria-aia"">Yelp</a>","<a href=""https://www.tripadvisor.com/Restaurant_Review-g897148-d4022936"">TripAdvisor</a>","<a href=""https://untappd.com/w/izeta-goikoa/226558"">Untappd</a>"
1169,Gartziategi,Basque Country,0,1,3,4,2017,2019,2,Active,"<a href=""https://gartziategi.com/"">Website</a>","<a href=""https://www.facebook.com/gartziategi"">Facebook</a>","<a href=""https://www.instagram.com/gartziategi/"">Instagram</a>","<a href=""https://maps.google.com/?cid=4734247712861040251"">Google</a>","<a href=""https://www.yelp.com/biz/gartziategi-donostia-san-sebastian"">Yelp</a>","<a href=""https://www.tripadvisor.com/Restaurant_Review-g187457-d4258881"">TripAdvisor</a>","<a href=""https://untappd.com/w/gartziategi-braserria/123054"">Untappd</a>"
3105,Haselberger,Austria,0,1,3,4,2023,2023,1,Active,"<a href=""https://www.haselberger-most.at/"">Website</a>","<a href=""https://www.facebook.com/dhaselbergers"">Facebook</a>","<a href=""https://www.instagram.com/haselberger_most/"">Instagram</a>","<a href=""https://maps.google.com/?cid=786849473018101989"">Google</a>",,,
2754,Sidra La Naveta,Asturias,0,0,4,4,2017,2023,3,Active,"<a href=""https://lanaveta.com/"">Website</a>","<a href=""https://www.facebook.com/profile.php?id=100063497946147"">Facebook</a>",,"<a href=""https://maps.google.com/?cid=18265458060195810621"">Google</a>",,,"<a href=""https://untappd.com/w/la-naveta/288596"">Untappd</a>"
2696,Domaine de la Mare,France,2,1,0,3,2021,2021,1,Active,"<a href=""https://www.domainedelamare.com/"">Website</a>",,,"<a href=""https://maps.google.com/?cid=11844878661689216154"">Google</a>",,,"<a href=""https://untappd.com/w/domaine-de-la-mare/511923"">Untappd</a>"
1130,Oliver's Cider and Perry,England,2,1,0,3,2021,2021,1,Active,"<a href=""https://www.oliversciderandperry.co.uk/"">Website</a>","<a href=""https://www.facebook.com/oliversciderandperry"">Facebook</a>","<a href=""https://www.instagram.com/tomoliverscider/"">Instagram</a>","<a href=""https://maps.google.com/?cid=7135495925516207657"">Google</a>",,,"<a href=""https://untappd.com/brewery/6568"">Untappd</a>"
2760,Cidérka,Czechia,2,0,1,3,2021,2023,2,Active,"<a href=""https://www.ciderka.cz/"">Website</a>","<a href=""https://www.facebook.com/ciderka.cz"">Facebook</a>","<a href=""https://www.instagram.com/ciderka.cz/"">Instagram</a>","<a href=""https://maps.google.com/?cid=4045068491840478725"">Google</a>",,,"<a href=""https://untappd.com/w/ciderka/463341"">Untappd</a>"
2744,Restauracja Tabun,Poland,2,0,1,3,2023,2023,1,Active,"<a href=""https://www.restauracjatabun.pl/"">Website</a>","<a href=""https://www.facebook.com/TABUNCYDR/"">Facebook</a>","<a href=""https://www.instagram.com/tabuncydr/"">Instagram</a>","<a href=""https://maps.google.com/?cid=13556304642115496222"">Google</a>",,"<a href=""https://www.tripadvisor.com/Restaurant_Review-g3222438-d2654599"">TripAdvisor</a>","<a href=""https://untappd.com/w/tabun/434136"">Untappd</a>"
3605,Apfelweinhandlung JB,Germany,1,2,0,3,2019,2019,1,Active,"<a href=""https://www.apfelweinhandlung.de/"">Website</a>","<a href=""https://www.facebook.com/janusbecker/"">Facebook</a>","<a href=""https://www.instagram.com/apfelweinhandlung/"">Instagram</a>","<a href=""https://maps.google.com/?cid=4042602811831238709"">Google</a>","<a href=""https://www.yelp.com/biz/apfelweinhandlung-jb-frankfurt-am-main-2"">Yelp</a>",,"<a href=""https://untappd.com/w/apfelweinhandlung-janus-becker/213578"">Untappd</a>"
3015,Lepola Drinks,Finland,1,2,0,3,2023,2023,1,Active,"<a href=""https://lepoladrinks.fi/"">Website</a>","<a href=""https://www.facebook.com/lepoladrinks/"">Facebook</a>","<a href=""https://www.instagram.com/lepola_drinks/"">Instagram</a>","<a href=""https://maps.google.com/?cid=10912023971262858580"">Google</a>",,,"<a href=""https://untappd.com/w/lepola/401095"">Untappd</a>"
1587,Les Vergers de Kermao,France,1,2,0,3,2017,2021,3,Active,"<a href=""https://www.cidre-bretagne.com/"">Website</a>",,"<a href=""https://www.instagram.com/kermao.cidre/"">Instagram</a>","<a href=""https://maps.google.com/?cid=11761800243914556755"">Google</a>",,"<a href=""https://www.tripadvisor.com/Attraction_Review-g2184442-d8603735"">TripAdvisor</a>","<a href=""https://untappd.com/w/les-vergers-de-kermao/240565"">Untappd</a>"
1297,Pilton Cider,England,1,2,0,3,2019,2019,1,Active,"<a href=""https://www.piltoncider.com/"">Website</a>","<a href=""https://www.facebook.com/piltoncider"">Facebook</a>","<a href=""https://www.instagram.com/piltoncider"">Instagram</a>","<a href=""https://maps.google.com/?cid=9998325032687804281"">Google</a>",,,"<a href=""https://untappd.com/w/pilton-cider/62441"">Untappd</a>"
1614,Aburuza,Basque Country,1,1,1,3,2017,2023,3,Active,"<a href=""https://www.sidrasaburuza.net/"">Website</a>","<a href=""https://www.facebook.com/sidrasaburuza/"">Facebook</a>","<a href=""https://www.instagram.com/aburuza_sagardotegia/"">Instagram</a>","<a href=""https://maps.google.com/?cid=11790998531102067428"">Google</a>","<a href=""https://www.yelp.com/biz/sidreria-aburuza-caserio-olatza-aduna"">Yelp</a>","<a href=""https://www.tripadvisor.com/Restaurant_Review-g2578771-d7715076"">TripAdvisor</a>","<a href=""https://untappd.com/w/sidreria-aburuza/194775"">Untappd</a>"
2825,Gutshof Kraatz,Germany,1,1,1,3,2021,2021,1,Active,"<a href=""https://gutshof-kraatz.de/"">Website</a>","<a href=""https://www.facebook.com/GutshofKraatz/"">Facebook</a>","<a href=""https://www.instagram.com/gutshof_kraatz/"">Instagram</a>","<a href=""https://maps.google.com/?cid=4340203013602665820"">Google</a>",,"<a href=""https://www.tripadvisor.com/Restaurant_Review-g12097270-d10525275"">TripAdvisor</a>","<a href=""https://untappd.com/w/kelterei-gutshof-kraatz/210948"">Untappd</a>"
327,Hemly Cider,United States,1,1,1,3,2021,2021,1,Active,"<a href=""https://www.hemlycider.com/"">Website</a>","<a href=""https://www.facebook.com/hemlycider"">Facebook</a>","<a href=""https://www.instagram.com/hemlycider/"">Instagram</a>","<a href=""https://maps.google.com/?cid=16671569982279655432"">Google</a>","<a href=""https://www.yelp.com/biz/hemly-cider-courtland"">Yelp</a>","<a href=""https://tripadvisor.com/Attraction_Review-g32258-d24092111"">TripAdvisor</a>","<a href=""https://untappd.com/w/hemly-cider/248913"">Untappd</a>"
2364,Sabiles Sidrs,Latvia,1,1,1,3,2021,2021,1,Active,"<a href=""https://www.gardeners.lv/"">Website</a>","<a href=""https://www.facebook.com/sabiles.sidrs/"">Facebook</a>","<a href=""https://www.instagram.com/sabiles.sidrs/"">Instagram</a>","<a href=""https://maps.google.com/?cid=2950487918260459648"">Google</a>",,"<a href=""https://www.tripadvisor.com/Restaurant_Review-g2049841-d14914753"">TripAdvisor</a>","<a href=""https://untappd.com/w/sabiles-sidrs/201189"">Untappd</a>"
2748,Sidra Niebla,Canary Islands,1,1,1,3,2023,2023,1,Active,"<a href=""https://www.sidrasdecanarias.com/"">Website</a>",,"<a href=""https://www.instagram.com/sidras_niebla/"">Instagram</a>","<a href=""https://maps.google.com/?cid=16349686505723006702"">Google</a>",,,
2143,Wata Lebanese Cider,Lebanon,1,1,1,3,2021,2021,1,Active,"<a href=""https://www.wata.com.lb/"">Website</a>","<a href=""https://www.facebook.com/watacider"">Facebook</a>","<a href=""https://www.instagram.com/watacider/"">Instagram</a>","<a href=""https://maps.google.com/?cid=4521420921498637695"">Google</a>",,,"<a href=""https://untappd.com/w/wata/513914"">Untappd</a>"
2546,Alde Sider,Norway,1,0,2,3,2021,2021,1,Active,"<a href=""https://www.aldesider.no/"">Website</a>","<a href=""https://www.facebook.com/aldesider"">Facebook</a>","<a href=""https://www.instagram.com/aldesider/"">Instagram</a>","<a href=""https://maps.google.com/?cid=7838999053969928967"">Google</a>",,,"<a href=""https://untappd.com/Alde_hardanger"">Untappd</a>"
3089,Hera Cider,Galicia,1,0,2,3,2021,2021,1,Active,"<a href=""https://heracider.com/"">Website</a>","<a href=""https://www.facebook.com/heracider/"">Facebook</a>","<a href=""https://www.instagram.com/heracider/"">Instagram</a>","<a href=""https://maps.google.com/?cid=2781404824572044242"">Google</a>",,,"<a href=""https://untappd.com/heracider"">Untappd</a>"
1349,Cotswold Cider Company,England,0,3,0,3,2017,2017,1,Active,"<a href=""https://www.cotswoldciderco.com/"">Website</a>","<a href=""https://www.facebook.com/CotswoldCiderCompany"">Facebook</a>","<a href=""https://www.instagram.com/cotswoldciderco/"">Instagram</a>",,,,"<a href=""https://untappd.com/TheCotswoldCiderCompany"">Untappd</a>"
2717,Martin's Cidery,Slovakia,0,3,0,3,2019,2019,1,Active,"<a href=""https://martinscidery.com/"">Website</a>",,,"<a href=""https://maps.google.com/?cid=7334461102395106401"">Google</a>",,,
3621,Begiristain Sagardotegia,Basque Country,0,2,1,3,2017,2019,2,Active,"<a href=""https://www.begiristainsagardotegia.com/\"">Website</a>",,"<a href=""https://www.instagram.com/begiristainsagardotegia/"">Instagram</a>","<a href=""https://maps.google.com/?cid=726838247126869058"">Google</a>",,,"<a href=""https://untappd.com/w/begiristain-sagardotegia/286519"">Untappd</a>"
3340,Cidre Mauret,France,0,2,1,3,2019,2019,1,Active,"<a href=""https://www.cidremauret.fr/"">Website</a>","<a href=""https://www.facebook.com/cidremauret"">Facebook</a>","<a href=""https://www.instagram.com/cidre_mauret/"">Instagram</a>","<a href=""https://maps.google.com/?cid=4442731802315342242"">Google</a>",,,"<a href=""https://untappd.com/w/cidre-mauret/303234"">Untappd</a>"
1612,Cidres Nicol,France,0,2,1,3,2017,2017,1,Active,"<a href=""https://www.cidres-nicol.bzh/"">Website</a>","<a href=""https://www.facebook.com/CidresNicol"">Facebook</a>","<a href=""https://www.instagram.com/la_cidrerie_nicol/"">Instagram</a>","<a href=""https://maps.google.com/?cid=3722769551030161998"">Google</a>","<a href=""https://www.yelp.com/biz/cidrerie-nicol-surzur"">Yelp</a>",,"<a href=""https://untappd.com/CidrerieNICOL"">Untappd</a>"
262,ERIS Brewery & Cider House,United States,0,2,1,3,2021,2021,1,Active,"<a href=""https://www.erischicago.com/"">Website</a>","<a href=""https://www.facebook.com/erischicago"">Facebook</a>","<a href=""https://www.instagram.com/erischicago/"">Instagram</a>","<a href=""https://maps.google.com/?cid=8228819364943835803"">Google</a>","<a href=""https://www.yelp.com/biz/eris-brewery-and-cider-house-chicago"">Yelp</a>","<a href=""https://www.tripadvisor.com/Restaurant_Review-g35805-d13418130"">TripAdvisor</a>","<a href=""https://untappd.com/w/eris-brewery-cider-house/379702"">Untappd</a>"
2755,Exner Cider,Asturias,0,2,1,3,2019,2023,3,Active,"<a href=""https://exnercider.com/"">Website</a>","<a href=""https://www.facebook.com/ExnerCider/"">Facebook</a>","<a href=""https://www.instagram.com/exner.cider/"">Instagram</a>","<a href=""https://maps.google.com/?cid=3356560758775211802"">Google</a>",,,"<a href=""https://untappd.com/b/llagar-sidra-castanon-exner/3684800"">Untappd</a>"
1134,Ross on Wye Cider & Perry,England,0,2,1,3,2021,2021,1,Active,"<a href=""https://rosscider.com/"">Website</a>","<a href=""https://www.facebook.com/pages/Ross-On-Wye-Cider-Perry-Co/230745910360675"">Facebook</a>","<a href=""https://www.instagram.com/rosscider/"">Instagram</a>","<a href=""https://maps.google.com/?cid=15438292382118860282"">Google</a>",,,"<a href=""https://untappd.com/brewery/12570"">Untappd</a>"
2756,Sidra Alfa,Portugal,0,2,1,3,2021,2023,2,Active,"<a href=""https://sidraalfa.pt/"">Website</a>","<a href=""https://www.facebook.com/Sidralfa1/"">Facebook</a>","<a href=""https://www.instagram.com/sidra_alfa/"">Instagram</a>",,,,"<a href=""https://untappd.com/w/sidra-alfa/545661"">Untappd</a>"
2916,Cidrerie de la Vallée de la Seiche,France,0,1,2,3,2019,2019,1,Active,"<a href=""https://www.valleedelaseiche.fr/"">Website</a>",,,"<a href=""https://maps.google.com/?cid=3742474259683548743"">Google</a>",,,"<a href=""https://untappd.com/w/cidrerie-de-la-vallee-de-la-seiche-cidrerie-michel-maman/78616"">Untappd</a>"
1579,Mostheuriger Hansbauer,Austria,0,1,2,3,2023,2023,1,Active,"<a href=""https://www.hansbauer.at/"">Website</a>",,"<a href=""https://www.instagram.com/mostheuriger_hansbauer/"">Instagram</a>","<a href=""https://maps.google.com/?cid=17616529891212169565"">Google</a>",,,
2484,Cydrownia Zywer,Poland,0,0,3,3,2023,2023,1,Active,"<a href=""https://zywer.pl/"">Website</a>","<a href=""https://www.facebook.com/CydrowniaZywer"">Facebook</a>","<a href=""https://www.instagram.com/cydrowniazywer/"">Instagram</a>","<a href=""https://maps.google.com/?cid=10041242298570436703"">Google</a>",,,"<a href=""https://untappd.com/cydrowniazywer"">Untappd</a>"
1356,Henry of Harcourt,Australia,0,0,3,3,2017,2017,1,Active,"<a href=""https://henrycider.com/"">Website</a>","<a href=""https://www.facebook.com/henrycider/"">Facebook</a>","<a href=""https://www.instagram.com/henrycider/"">Instagram</a>","<a href=""https://maps.google.com/?cid=8940355932051611367"">Google</a>",,"<a href=""https://www.tripadvisor.com/Attraction_Review-g552178-d8783234"">TripAdvisor</a>","<a href=""https://untappd.com/w/henry-of-harcourt/5374"">Untappd</a>"
3339,Domaine Lesuffleur,France,1,1,0,2,2017,2017,1,Active,,,"<a href=""https://www.instagram.com/domainelesuffleur/"">Instagram</a>",,,,"<a href=""https://untappd.com/w/domaine-lesuffleur/411142"">Untappd</a>"
1471,Llagares Valverán,Asturias,1,1,0,2,2019,2023,2,Active,"<a href=""https://llagaresvalveran.com/"">Website</a>","<a href=""https://www.facebook.com/masaveubodegas/"">Facebook</a>","<a href=""https://www.instagram.com/masaveubodegas/"">Instagram</a>","<a href=""https://maps.google.com/?cid=10125751207643631112"">Google</a>",,,"<a href=""https://untappd.com/w/valveran/55774"">Untappd</a>"
2743,Sidrería TenCai,Chile,1,1,0,2,2023,2023,1,Active,"<a href=""https://tencaisidra.cl/"">Website</a>","<a href=""https://www.facebook.com/profile.php?id=100063550781151"">Facebook</a>","<a href=""https://www.instagram.com/tencaisidra/"">Instagram</a>","<a href=""https://maps.google.com/?cid=5739971672897016755"">Google</a>",,,"<a href=""https://untappd.com/tencaisidra"">Untappd</a>"
658,Urban Farm Fermentory,United States,1,1,0,2,2021,2021,1,Inactive,"<a href=""https://www.fermentory.com/"">Website</a>","<a href=""https://www.facebook.com/urbanfarmfermentory"">Facebook</a>","<a href=""https://www.instagram.com/fermentory/"">Instagram</a>",,"<a href=""https://www.yelp.com/biz/urban-farm-fermentory-portland"">Yelp</a>","<a href=""https://www.tripadvisor.com/Attraction_Review-g40827-d4509600"">TripAdvisor</a>","<a href=""https://untappd.com/w/urban-farm-fermentory/10661"">Untappd</a>"
3620,Valduro,Asturias,1,1,0,2,2017,2017,1,Inactive,,"<a href=""https://www.facebook.com/VALDUROSIDRAPREMIUM/"">Facebook</a>",,,,,"<a href=""https://untappd.com/w/valduro/285513"">Untappd</a>"
3619,Araújo Monte,Portugal,1,0,1,2,2017,2017,1,Inactive,,,,,,,"<a href=""https://untappd.com/w/ara-jo-monte/379915"">Untappd</a>"
1930,Bear Cider,Netherlands,1,0,1,2,2017,2017,1,Active,"<a href=""https://www.bearcider.com/"">Website</a>","<a href=""https://www.facebook.com/Beercider"">Facebook</a>","<a href=""https://www.instagram.com/bearcider/"">Instagram</a>","<a href=""https://maps.google.com/?cid=2306162274342811911"">Google</a>",,,"<a href=""https://untappd.com/BeerCider"">Untappd</a>"
1456,Brännland Cider,Sweden,1,0,1,2,2017,2017,1,Active,"<a href=""https://www.brannlandcider.se/"">Website</a>","<a href=""https://www.facebook.com/brannlandcider/"">Facebook</a>","<a href=""https://www.instagram.com/brannlandcider/"">Instagram</a>","<a href=""https://maps.google.com/?cid=2299367906990041003"">Google</a>",,,"<a href=""https://untappd.com/brewery/83843"">Untappd</a>"
1931,Cidrerie de Menez-Brug,France,1,0,1,2,2017,2019,2,Active,"<a href=""https://www.cidrerie-de-menez-brug.com/"">Website</a>","<a href=""https://www.facebook.com/cidreriemenezbrug.fr/"">Facebook</a>",,"<a href=""https://maps.google.com/?cid=10640223041696316686"">Google</a>",,"<a href=""https://www.tripadvisor.com/Attraction_Review-g666452-d15052081"">TripAdvisor</a>","<a href=""https://untappd.com/w/cidrerie-de-menez-brug/150603"">Untappd</a>"
2483,Nua Cider,Portugal,1,0,1,2,2023,2023,1,Active,"<a href=""https://www.nuacider.com/"">Website</a>","<a href=""https://www.facebook.com/cidernua/"">Facebook</a>","<a href=""https://www.instagram.com/CiderNua"">Instagram</a>",,,,"<a href=""https://untappd.com/w/nua-cider/462924"">Untappd</a>"
2751,Bizio,Basque Country,0,2,0,2,2023,2023,1,Active,,"<a href=""https://www.facebook.com/bizio.eus/"">Facebook</a>","<a href=""https://www.instagram.com/bizio.eus/"">Instagram</a>","<a href=""https://maps.google.com/?cid=10634023042683294263"">Google</a>",,,"<a href=""https://untappd.com/w/bizio/517614"">Untappd</a>"
1485,Sidra Cabueñes,Asturias,0,2,0,2,2017,2023,2,Active,,"<a href=""https://www.facebook.com/sidracabuenies/"">Facebook</a>","<a href=""https://www.instagram.com/sidracabuenies/"">Instagram</a>","<a href=""https://maps.google.com/?cid=5234296910772767246"">Google</a>",,,"<a href=""https://untappd.com/w/sidra-cabuenes/78883"">Untappd</a>"
2712,Au Pressoir du Bélon,France,0,1,1,2,2021,2021,1,Active,"<a href=""https://www.cidre-belon-bretagne.fr/"">Website</a>","<a href=""https://www.facebook.com/pressoirdubelon/"">Facebook</a>",,"<a href=""https://maps.google.com/?cid=3283810982033688807"">Google</a>",,,
1591,Cidrerie de Rozavern,France,0,1,1,2,2021,2021,1,Active,"<a href=""https://www.rozavern.fr/"">Website</a>","<a href=""https://www.facebook.com/cidreriederozavern"">Facebook</a>","<a href=""https://www.instagram.com/cidrerierozavern"">Instagram</a>","<a href=""https://maps.google.com/?cid=2631934440861688338"">Google</a>",,"<a href=""https://www.tripadvisor.com/Attraction_Review-g1842069-d6157429"">TripAdvisor</a>","<a href=""https://untappd.com/w/cidrerie-de-rozavern/357316"">Untappd</a>"
2858,Harcourt Perry & Cider Makers,Australia,0,1,1,2,2017,2017,1,Active,"<a href=""https://harcourtcider.com.au/"">Website</a>","<a href=""https://www.facebook.com/HarcourtCider/"">Facebook</a>","<a href=""https://www.instagram.com/harcourtcider/"">Instagram</a>","<a href=""https://maps.google.com/?cid=8775592475109844928"">Google</a>",,,"<a href=""https://untappd.com/w/harcourt-perry-cider-makers/429734"">Untappd</a>"
2769,Lieglhof Familie Zarl,Austria,0,1,1,2,2023,2023,1,Active,"<a href=""https://www.lieglhof.com/"">Website</a>","<a href=""https://www.facebook.com/gutesvomlieglhof/"">Facebook</a>","<a href=""https://www.instagram.com/lieglhof/"">Instagram</a>","<a href=""https://maps.google.com/?cid=9123177938973924997"">Google</a>",,,
3024,Paladeus,Italy,0,1,1,2,2019,2021,2,Active,"<a href=""http://www.paladeus.it/"">Website</a>","<a href=""https://www.facebook.com/profile.php?id=100067062071715"">Facebook</a>","<a href=""https://www.instagram.com/paladeus_cider/"">Instagram</a>","<a href=""https://maps.google.com/?cid=8605615739361573597"">Google</a>",,,"<a href=""https://untappd.com/w/paladeus/538622"">Untappd</a>"
1672,Sidra Fanjul,Asturias,0,1,1,2,2017,2017,1,Active,"<a href=""https://www.sidrafanjul.com/"">Website</a>","<a href=""https://www.facebook.com/Sidra-Fanjul-216579291699190/"">Facebook</a>","<a href=""https://www.instagram.com/sidrafanjul/"">Instagram</a>","<a href=""https://maps.google.com/?cid=10647391104326148313"">Google</a>",,,"<a href=""https://untappd.com/w/sidra-fanjul/57758"">Untappd</a>"
3081,Sidra Posma,Canary Islands,0,1,1,2,2021,2021,1,Active,,"<a href=""https://www.facebook.com/profile.php?id=100063717535205"">Facebook</a>",,,,,"<a href=""https://untappd.com/w/posma/512334"">Untappd</a>"
1620,Altzueta,Basque Country,0,0,2,2,2017,2017,1,Active,"<a href=""https://www.altzuetasagardotegia.com/"">Website</a>","<a href=""https://www.facebook.com/altzuetasagardotegia/"">Facebook</a>","<a href=""https://www.instagram.com/altzueta/"">Instagram</a>","<a href=""https://maps.google.com/?cid=15234921241388447200"">Google</a>",,"<a href=""https://www.tripadvisor.com/Restaurant_Review-g1064188-d7251429"">TripAdvisor</a>","<a href=""https://untappd.com/w/sidreria-altzueta/71623"">Untappd</a>"
1186,Daylesford Cider Company,Australia,0,0,2,2,2017,2017,1,Active,"<a href=""https://daylesfordcider.com.au/"">Website</a>","<a href=""https://www.facebook.com/DaylesfordCider"">Facebook</a>","<a href=""https://www.instagram.com/daylesfordcider/"">Instagram</a>","<a href=""https://maps.google.com/?cid=3704200538482217988"">Google</a>",,"<a href=""https://www.tripadvisor.com/Attraction_Review-g2533620-d4506486"">TripAdvisor</a>","<a href=""https://untappd.com/w/daylesford-cider-company/15899"">Untappd</a>"
1553,Frank's Cider,Australia,0,0,2,2,2017,2017,1,Active,"<a href=""https://www.frankscider.com.au/"">Website</a>","<a href=""https://www.facebook.com/FranksCider"">Facebook</a>","<a href=""https://www.instagram.com/frankscider/"">Instagram</a>","<a href=""https://maps.google.com/?cid=12281895632138757991"">Google</a>","<a href=""https://www.yelp.com/biz/franks-cider-bar-and-cafe-franklin"">Yelp</a>","<a href=""https://www.tripadvisor.com/Restaurant_Review-g504298-d7270183"">TripAdvisor</a>","<a href=""https://untappd.com/brewery/66943"">Untappd</a>"
3092,Kupela,Basque Country,0,0,2,2,2021,2021,1,Active,"<a href=""https://www.kupela.fr/"">Website</a>","<a href=""https://www.facebook.com/kupelasagardoa/"">Facebook</a>","<a href=""https://www.instagram.com/kupela_sagardoa_cidrebasque/"">Instagram</a>","<a href=""https://maps.google.com/?cid=16174297296951175087"">Google</a>",,,"<a href=""https://untappd.com/w/kupela-sagardoa-cidre-basque/282187"">Untappd</a>"
1376,Manoir de Grandouet,France,0,0,2,2,2017,2017,1,Active,"<a href=""https://www.manoir-de-grandouet.fr/"">Website</a>","<a href=""https://www.facebook.com/grandval.fr/"">Facebook</a>","<a href=""https://www.instagram.com/manoirdegrandouet/"">Instagram</a>","<a href=""https://maps.google.com/?cid=1664850146101306839"">Google</a>",,"<a href=""https://www.tripadvisor.com/Attraction_Review-g672825-d6994534"">TripAdvisor</a>","<a href=""https://untappd.com/brewery/18942"">Untappd</a>"
3624,Cervezas Yria,Madrid,1,0,0,1,2021,2021,1,Active,"<a href=""https://www.cervezasyria.com/"">Website</a>",,"<a href=""https://www.instagram.com/cervezasyria"">Instagram</a>","<a href=""https://maps.google.com/?cid=27711217619101810"">Google</a>",,,"<a href=""https://untappd.com/Yria"">Untappd</a>"
2722,Cydr Tradycyjny z Trzebnicy,Poland,1,0,0,1,2023,2023,1,Active,,"<a href=""https://www.facebook.com/cydr.tradycyjny/"">Facebook</a>",,"<a href=""https://maps.google.com/?cid=16047236127227822461"">Google</a>",,,"<a href=""https://untappd.com/w/cydr-tradycyjny-trzebnica/239415"">Untappd</a>"
3596,Finca La Rionda,Asturias,1,0,0,1,2017,2017,1,Active,"<a href=""https://bodegalarionda.ueniweb.com/"">Website</a>","<a href=""https://www.facebook.com/fincalarionda"">Facebook</a>",,,,"<a href=""https://www.tripadvisor.com/Attraction_Review-g608997-d7010944"">TripAdvisor</a>",
1908,Mount Diablo Cider Company,United States,1,0,0,1,2021,2021,1,Active,"<a href=""https://www.mountdiablocider.com/"">Website</a>","<a href=""https://www.facebook.com/mountdiablocider"">Facebook</a>","<a href=""https://www.instagram.com/mountdiablocider/"">Instagram</a>",,,,"<a href=""https://untappd.com/w/mount-diablo-cider-company/527606"">Untappd</a>"
3627,Sagar Iraultza,Basque Country,1,0,0,1,2021,2021,1,Active,,,,,,,"<a href=""https://untappd.com/w/sagar-iraultza-s-l/497642"">Untappd</a>"
3626,Sarasola Sagardotegia,Basque Country,1,0,0,1,2017,2017,1,Active,"<a href=""https://sidreriasarasola.com/"">Website</a>","<a href=""https://www.facebook.com/sidreriasarasolaasteasu/"">Facebook</a>","<a href=""https://www.instagram.com/sarasola_asteasu/"">Instagram</a>","<a href=""https://maps.google.com/?cid=4818366078847267027"">Google</a>",,,"<a href=""https://untappd.com/w/sidreria-sarasola/98718"">Untappd</a>"
3548,Steve'z,Netherlands,1,0,0,1,2019,2019,1,Active,"<a href=""https://www.stevez.nl/"">Website</a>","<a href=""https://www.facebook.com/Stevez.eu/"">Facebook</a>","<a href=""https://www.instagram.com/stevezcider/"">Instagram</a>","<a href=""https://maps.google.com/?cid=506873058458405561"">Google</a>",,,"<a href=""https://untappd.com/w/betuws-wijndomein/470593"">Untappd</a>"
X,---,Switzerland,0,1,0,1,2021,2021,1,Inactive,,,,,,,
2553,Alai Cider,Chile,0,1,0,1,2023,2023,1,Active,"<a href=""https://alaicider.com/"">Website</a>","<a href=""https://www.facebook.com/alaicider/"">Facebook</a>","<a href=""https://www.instagram.com/alaicider/"">Instagram</a>",,,,"<a href=""https://untappd.com/w/alai-cider/459693"">Untappd</a>"
3622,Campple Cider,Asturias,0,1,0,1,2021,2021,1,Active,"<a href=""https://campplecider.com/"">Website</a>",,"<a href=""https://www.instagram.com/campplecider/"">Instagram</a>","<a href=""https://maps.google.com/?cid=16532819691065513954"">Google</a>",,,"<a href=""https://untappd.com/w/campple-iberica/458579"">Untappd</a>"
3107,Castelo Branco Cider,Portugal,0,1,0,1,2021,2021,1,Active,"<a href=""http://www.castelobrancocider.com/"">Website</a>","<a href=""https://www.facebook.com/profile.php?id=100066758822950"">Facebook</a>",,,,,
3623,Ciderzale,Basque Country,0,1,0,1,2021,2021,1,Inactive,"<a href=""https://ciderzale.com/"">Website</a>","<a href=""https://www.facebook.com/ciderzale/"">Facebook</a>","<a href=""https://www.instagram.com/ciderzale/"">Instagram</a>",,,,"<a href=""https://untappd.com/w/ciderzale/483443"">Untappd</a>"
2543,Cidrerie du Pays d'Auray,France,0,1,0,1,2023,2023,1,Active,,,"<a href=""https://www.instagram.com/cidre.maho/"">Instagram</a>","<a href=""https://maps.google.com/?cid=9205038680508918633"">Google</a>",,,"<a href=""https://untappd.com/w/cidrerie-du-pays-d-auray-frana-ois-maho/423523"">Untappd</a>"
1590,Cidrerie Melenig,France,0,1,0,1,2019,2019,1,Active,,,"<a href=""https://www.instagram.com/cidremelenig/"">Instagram</a>","<a href=""https://maps.google.com/?cid=10374518201153439760"">Google</a>",,"<a href=""https://www.tripadvisor.com/Attraction_Review-g6922089-d7330818"">TripAdvisor</a>","<a href=""https://untappd.com/CidrerieMelenig"">Untappd</a>"
3629,El Nocéu,Asturias,0,1,0,1,2017,2017,1,Inactive,,,,"<a href=""https://maps.google.com/?cid=17559119845879466940"">Google</a>",,,
3583,Götti Cider,Switzerland,0,1,0,1,2017,2017,1,Inactive,,"<a href=""https://www.facebook.com/profile.php?id=100042343076491"">Facebook</a>",,,,,
3630,Kastler Cider,Slovakia,0,1,0,1,2019,2019,1,Active,"<a href=""https://kastler.sk/"">Website</a>","<a href=""https://www.facebook.com/KastlerSK/"">Facebook</a>","<a href=""https://www.instagram.com/kastlersk/"">Instagram</a>","<a href=""https://maps.google.com/?cid=15302315145196457481"">Google</a>",,,"<a href=""https://untappd.com/w/kastler/301533"">Untappd</a>"
2073,Mr. Plūme,Latvia,0,1,0,1,2023,2023,1,Active,"<a href=""https://www.mrplume.lv/"">Website</a>","<a href=""https://www.facebook.com/mrplumesidrs"">Facebook</a>","<a href=""https://www.instagram.com/mrplume_sidrs/"">Instagram</a>","<a href=""https://maps.google.com/?cid=9319841841199759114"">Google</a>",,,"<a href=""https://untappd.com/w/mr-plume/332485"">Untappd</a>"
2753,OmCider,Norway,0,1,0,1,2023,2023,1,Active,"<a href=""https://omcider.no/"">Website</a>","<a href=""https://www.facebook.com/OmCiderAS/"">Facebook</a>","<a href=""https://www.instagram.com/omcideras/"">Instagram</a>","<a href=""https://maps.google.com/?cid=1800091822223931241"">Google</a>",,,"<a href=""https://untappd.com/w/omcider/492586"">Untappd</a>"
2749,Ottercider,Belgium,0,1,0,1,2023,2023,1,Active,"<a href=""https://www.ottercider.be/"">Website</a>","<a href=""https://www.facebook.com/Ottercider"">Facebook</a>","<a href=""https://www.instagram.com/ottercider"">Instagram</a>",,,,"<a href=""https://untappd.com/Ottercider"">Untappd</a>"
3158,Pom Sidro Creativo,Italy,0,1,0,1,2021,2021,1,Active,"<a href=""https://www.sidropom.com/"">Website</a>","<a href=""https://www.facebook.com/profile.php?id=100069003333725"">Facebook</a>","<a href=""https://www.instagram.com/sidropom/"">Instagram</a>","<a href=""https://maps.google.com/?cid=17454691130515952955"">Google</a>",,,"<a href=""https://untappd.com/w/pom-sidro-creativo/514926"">Untappd</a>"
1424,R. Zabala,Basque Country,0,1,0,1,2017,2017,1,Active,"<a href=""https://www.rzabala.com/"">Website</a>","<a href=""https://www.facebook.com/zabalasagardotegia"">Facebook</a>","<a href=""https://www.instagram.com/zabalasagardotegia/"">Instagram</a>","<a href=""https://maps.google.com/?cid=5479255229461192336"">Google</a>",,"<a href=""https://www.tripadvisor.com/Restaurant_Review-g2578771-d9821714"">TripAdvisor</a>","<a href=""https://untappd.com/w/r-zabala/186717"">Untappd</a>"
1692,Red Brick Road Cider,Australia,0,1,0,1,2017,2017,1,Inactive,"<a href=""https://www.redbrickroadcider.com.au/"">Website</a>","<a href=""https://www.facebook.com/DickensCiderhouse"">Facebook</a>",,,,,"<a href=""https://untappd.com/v/red-brick-road-ciderhouse/546791"">Untappd</a>"
1472,Sidra Cortina,Asturias,0,1,0,1,2017,2017,1,Active,"<a href=""https://www.sidracortina.com/"">Website</a>","<a href=""https://www.facebook.com/sidracortina/"">Facebook</a>","<a href=""https://instagram.com/sidracortina"">Instagram</a>","<a href=""https://maps.google.com/?cid=14248814769091122504"">Google</a>",,"<a href=""https://www.tripadvisor.com/Restaurant_Review-g19842666-d985244"">TripAdvisor</a>","<a href=""https://untappd.com/w/sidra-cortina-coro/50162"">Untappd</a>"
3597,Sidra M. Norniella,Asturias,0,1,0,1,2017,2017,1,Active,"<a href=""https://www.macrile.com/"">Website</a>","<a href=""https://www.facebook.com/profile.php?id=100010091055351"">Facebook</a>","<a href=""https://www.instagram.com/sidra_m.norniella/"">Instagram</a>","<a href=""https://maps.google.com/?cid=12557897810508481900"">Google</a>",,,"<a href=""https://untappd.com/w/macrile/188803"">Untappd</a>"
1442,Willie Smith's,Australia,0,1,0,1,2017,2017,1,Active,"<a href=""https://www.williesmiths.com.au/"">Website</a>","<a href=""https://www.facebook.com/pages/Willie-Smiths-Organic-Cider/260319247336198"">Facebook</a>","<a href=""https://www.instagram.com/williesmithscider/"">Instagram</a>","<a href=""https://maps.google.com/?cid=16057012530083496420"">Google</a>","<a href=""https://www.yelp.com/biz/willie-smith-s-apple-shed-grove"">Yelp</a>","<a href=""https://www.tripadvisor.com/Restaurant_Review-g1175547-d7911074"">TripAdvisor</a>","<a href=""https://untappd.com/WilliamSmithandSons"">Untappd</a>"
1168,Bereziartua,Basque Country,0,0,1,1,2017,2017,1,Active,"<a href=""http://www.bereziartuasagardoa.com/"">Website</a>","<a href=""https://www.facebook.com/Bereziartua"">Facebook</a>","<a href=""https://www.instagram.com/SBereziartua/"">Instagram</a>","<a href=""https://maps.google.com/?cid=4287840169739792051"">Google</a>",,"<a href=""https://www.tripadvisor.com/Restaurant_Review-g1064182-d6740859"">TripAdvisor</a>","<a href=""https://untappd.com/brewery/7553"">Untappd</a>"
2757,Boneca de Canudo,Portugal,0,0,1,1,2023,2023,1,Active,"<a href=""https://www.bonecadecanudo.com/"">Website</a>","<a href=""https://www.facebook.com/bonecadecanudo/"">Facebook</a>","<a href=""https://www.instagram.com/bonecadecanudo/"">Instagram</a>","<a href=""https://maps.google.com/?cid=14850808685027168712"">Google</a>",,,"<a href=""https://untappd.com/w/casa-do-caramanchao/542700"">Untappd</a>"
3547,Buschenschank Lippitz,Austria,0,0,1,1,2021,2021,1,Active,"<a href=""https://www.facebook.com/Buschenschank"">Website</a>",,"<a href=""https://www.instagram.com/mostyrium/"">Instagram</a>","<a href=""https://maps.google.com/?cid=5239535978282621551"">Google</a>",,"<a href=""https://www.tripadvisor.com/Restaurant_Review-g2642395-d6688099"">TripAdvisor</a>",
1627,Calonge,Basque Country,0,0,1,1,2023,2023,1,Active,"<a href=""https://www.calongesagardotegia.es/"">Website</a>","<a href=""https://www.facebook.com/calongesagardotegia/"">Facebook</a>","<a href=""https://www.instagram.com/calongesagardotegia/"">Instagram</a>","<a href=""https://maps.google.com/?cid=17297324039807359448"">Google</a>",,"<a href=""https://www.tripadvisor.com/Restaurant_Review-g2578784-d3601648"">TripAdvisor</a>","<a href=""https://untappd.com/w/calonge-sagardotegia/69520"">Untappd</a>"
2758,Cider Bohemia,Czechia,0,0,1,1,2023,2023,1,Active,"<a href=""https://ciderbohemia.cz/"">Website</a>",,"<a href=""https://www.instagram.com/ciderbohemia/"">Instagram</a>","<a href=""https://maps.google.com/?cid=7807386085617641275"">Google</a>",,,"<a href=""https://untappd.com/w/cider-bohemia/314477"">Untappd</a>"
3238,Gaztañaga,Basque Country,0,0,1,1,2017,2017,1,Active,"<a href=""http://sidreriagaztanaga.com/"">Website</a>","<a href=""https://www.facebook.com/sidreriagaztanaga/"">Facebook</a>",,"<a href=""https://maps.google.com/?cid=7381182771810577212"">Google</a>",,"<a href=""https://www.tripadvisor.com/Restaurant_Review-g4084952-d4080010"">TripAdvisor</a>","<a href=""https://untappd.com/w/sidreria-gaztanaga/232470"">Untappd</a>"
2736,Iessel Cider,Netherlands,0,0,1,1,2019,2019,1,Active,"<a href=""https://www.iesselcider.nl/"">Website</a>","<a href=""https://www.facebook.com/iesselcider/"">Facebook</a>","<a href=""https://www.instagram.com/iessel_cider/"">Instagram</a>","<a href=""https://maps.google.com/?cid=10819175046461159669"">Google</a>",,,"<a href=""https://untappd.com/IESSEL_Cider"">Untappd</a>"
2766,Lofthus Ekspedisjon,Norway,0,0,1,1,2023,2023,1,Active,"<a href=""https://lofthusekspedisjon.no/"">Website</a>","<a href=""https://www.facebook.com/ekspedisjonlofthus/"">Facebook</a>","<a href=""https://www.instagram.com/lofthus_ekspedisjon/"">Instagram</a>","<a href=""https://maps.google.com/?cid=10108744972037075215"">Google</a>",,"<a href=""https://www.tripadvisor.com/Restaurant_Review-g1188596-d23540819"">TripAdvisor</a>","<a href=""https://untappd.com/EkspedisjonenBryggeri"">Untappd</a>"
3631,Manufaktura Cydru,Poland,0,0,1,1,2017,2017,1,Inactive,,"<a href=""https://www.facebook.com/manufakturacydru"">Facebook</a>","<a href=""https://www.instagram.com/manufakturacydru/"">Instagram</a>",,,,"<a href=""https://untappd.com/w/manufaktura-cydru/358474"">Untappd</a>"
2767,Matriarca,Uruguay,0,0,1,1,2023,2023,1,Active,"<a href=""https://www.matriarca.com.uy/"">Website</a>","<a href=""https://www.facebook.com/Matriarcasidra/"">Facebook</a>","<a href=""https://www.instagram.com/sidramatriarca/"">Instagram</a>",,,,"<a href=""https://untappd.com/w/sidra-matriarca/463811"">Untappd</a>"
2750,Mizpiradi,Basque Country,0,0,1,1,2023,2023,1,Active,"<a href=""https://www.mizpiradi.eus/"">Website</a>","<a href=""https://www.facebook.com/mizpiradisagardotegia"">Facebook</a>","<a href=""https://www.instagram.com/mizpiradi_sagardotegia/"">Instagram</a>","<a href=""https://maps.google.com/?cid=8356736279020353612"">Google</a>",,"<a href=""https://www.tripadvisor.com/Restaurant_Review-g4084952-d7743443"">TripAdvisor</a>","<a href=""https://untappd.com/w/mizpiradi-sagardotegia/553735"">Untappd</a>"
2765,Mostheuriger Reikersdorfer,Austria,0,0,1,1,2023,2023,1,Active,"<a href=""https://www.mosti.at/"">Website</a>","<a href=""https://www.facebook.com/mosti.at"">Facebook</a>","<a href=""https://www.instagram.com/familiereikersdorfer/"">Instagram</a>","<a href=""https://maps.google.com/?cid=7951746744614472989"">Google</a>","<a href=""https://www.yelp.com/biz/reikersdorfer-neuhofen-an-der-ybbs"">Yelp</a>",,
2445,Nailsea Cider,England,0,0,1,1,2023,2023,1,Active,"<a href=""https://www.nailseacider.co.uk/"">Website</a>","<a href=""https://www.facebook.com/NailseaCider"">Facebook</a>","<a href=""https://www.instagram.com/nailseacider.co.uk/"">Instagram</a>","<a href=""https://maps.google.com/?cid=5491378351404156001"">Google</a>",,,"<a href=""https://untappd.com/w/nailsea-cider/461748"">Untappd</a>"
2513,Rufino,Basque Country,0,0,1,1,2017,2017,1,Active,"<a href=""https://www.rufinosagardotegia.com/"">Website</a>","<a href=""https://www.facebook.com/RufinoSagardotegia/"">Facebook</a>","<a href=""https://www.instagram.com/rufinosagardotegia/"">Instagram</a>","<a href=""https://maps.google.com/?cid=15885220870479223557"">Google</a>",,,"<a href=""https://untappd.com/w/rufino/379778"">Untappd</a>"
2003,Sidrería Irigoien Herrero,Basque Country,0,0,1,1,2017,2017,1,Active,"<a href=""https://www.sidreriairigoien.com/"">Website</a>",,,"<a href=""https://maps.google.com/?cid=7008206708852121852"">Google</a>",,"<a href=""https://www.tripadvisor.com/Restaurant_Review-g1064182-d5489212"">TripAdvisor</a>","<a href=""https://untappd.com/w/sideria-irigoien-herrero/202851"">Untappd</a>"
3625,St. Anton,Russia,0,0,1,1,2017,2017,1,Active,"<a href=""http://www.yablochny-spas.ru/"">Website</a>","<a href=""https://www.facebook.com/ru.st.anton"">Facebook</a>","<a href=""https://www.instagram.com/cider_st.anton"">Instagram</a>","<a href=""https://maps.google.com/?cid=992035969626414458"">Google</a>",,,"<a href=""https://untappd.com/StAntonBrewery"">Untappd</a>"
2492,The Drunken Pharmacist,Portugal,0,0,1,1,2023,2023,1,Active,,"<a href=""https://www.facebook.com/profile.php?id=100093795090507"">Facebook</a>","<a href=""https://www.instagram.com/thedrunkenpharmacist_/"">Instagram</a>",,,,"<a href=""https://untappd.com/w/the-drunken-pharmacist/543354"">Untappd</a>"
3109,Trois-Lacs Ciders,Switzerland,0,0,1,1,2021,2021,1,Active,"<a href=""https://trois-lacs-ciders.webflow.io/"">Website</a>",,"<a href=""https://www.instagram.com/trois_lacs_ciders/"">Instagram</a>","<a href=""https://maps.google.com/?cid=11057921790831268912"">Google</a>",,,"<a href=""https://untappd.com/w/trois-lacs-ciders/502801"">Untappd</a>"
,Total,,168,253,247,668,,,,,,,,,,,
