Medalist,Region,🏆 Premium,🥇 Gold,🥈 Silver,🥉 Bronze,🏅 Total,First,Last,Years,Status,Website,Facebook,Instagram,Google,TripAdvisor,Untappd
Jörg Geiger,Germany,14,15,14,2,45,2016,2024,6,Active,"<a href=""https://www.manufaktur-joerg-geiger.de/"">Website</a>","<a href=""https://www.facebook.com/manufakturjoerggeiger/"">Facebook</a>","<a href=""https://www.instagram.com/manufakturjoerggeiger/"">Instagram</a>","<a href=""https://maps.google.com/?cid=908271853334307402"">Google</a>",,"<a href=""https://untappd.com/w/manufaktur-jorg-geiger/270857"">Untappd</a>"
Sidra Viuda de Angelón,Asturias,4,11,14,16,45,2013,2023,11,Active,"<a href=""http://www.sidraviudaangelonpomar.es/"">Website</a>","<a href=""https://www.facebook.com/sidrapomar.viudaangelon/"">Facebook</a>","<a href=""https://www.instagram.com/Sidraviudaangelon/"">Instagram</a>","<a href=""https://maps.google.com/?cid=13173562328637195239"">Google</a>",,"<a href=""https://untappd.com/w/viuda-de-angela3n/142823"">Untappd</a>"
Sidra Panizales,Asturias,9,12,5,6,32,2013,2023,10,Active,"<a href=""https://sidrapanizales.com/"">Website</a>","<a href=""https://www.facebook.com/panizales.sidra"">Facebook</a>","<a href=""https://www.instagram.com/sidrapanizales/"">Instagram</a>","<a href=""https://maps.google.com/?cid=16258480851124885832"">Google</a>","<a href=""https://www.tripadvisor.com/Restaurant_Review-g775263-d7621234"">TripAdvisor</a>","<a href=""https://untappd.com/w/llagar-panizales/152401"">Untappd</a>"
Maley,Italy,4,8,12,1,25,2016,2024,9,Active,"<a href=""https://www.maleymontblanc.com/"">Website</a>",,,"<a href=""https://maps.google.com/?cid=94166741695887894"">Google</a>",,"<a href=""https://untappd.com/brewery/29291"">Untappd</a>"
Sidra Riestra,Asturias,4,9,8,3,24,2014,2024,10,Active,"<a href=""http://www.sidrariestra.com/"">Website</a>","<a href=""https://www.facebook.com/SidraRiestra"">Facebook</a>","<a href=""https://www.instagram.com/sidrariestra/"">Instagram</a>","<a href=""https://maps.google.com/?cid=2253085342105400787"">Google</a>",,"<a href=""https://untappd.com/w/riestra/70601"">Untappd</a>"
Mr. Plūme,Latvia,4,5,8,4,21,2018,2024,7,Active,"<a href=""https://www.mrplume.lv/"">Website</a>","<a href=""https://www.facebook.com/mrplumesidrs"">Facebook</a>","<a href=""https://www.instagram.com/mrplume_sidrs/"">Instagram</a>","<a href=""https://maps.google.com/?cid=9319841841199759114"">Google</a>",,"<a href=""https://untappd.com/w/mr-plume/332485"">Untappd</a>"
Cidrerie Berri,Basque Country,2,1,5,8,16,2016,2022,6,Active,"<a href=""https://txopinondo.fr/"">Website</a>","<a href=""https://www.facebook.com/txopinondo"">Facebook</a>","<a href=""https://www.instagram.com/cidrerie_berri_txopinondo/"">Instagram</a>","<a href=""https://maps.google.com/?cid=14446292626809718341"">Google</a>","<a href=""https://www.tripadvisor.com/Restaurant_Review-g1118261-d2139433"">TripAdvisor</a>","<a href=""https://untappd.com/w/cidrerie-txopinondo/215570"">Untappd</a>"
Cider Sekt,Czechia,5,3,7,0,15,2019,2024,6,Active,"<a href=""https://www.cidersekt.cz/"">Website</a>","<a href=""https://www.facebook.com/cidertalk/"">Facebook</a>","<a href=""https://www.instagram.com/cidertalk/"">Instagram</a>","<a href=""https://maps.google.com/?cid=1744130511388226457"">Google</a>",,"<a href=""https://untappd.com/w/provoco/396367"">Untappd</a>"
Kuartango,Basque Country,3,3,6,3,15,2019,2024,6,Active,"<a href=""https://kuartangosagardotegia.com/"">Website</a>","<a href=""https://www.facebook.com/SidreKuartango/"">Facebook</a>","<a href=""https://www.instagram.com/sidrekuartango/"">Instagram</a>","<a href=""https://maps.google.com/?cid=6181081338579081204"">Google</a>","<a href=""https://www.tripadvisor.com/Restaurant_Review-g25546823-d25546810"">TripAdvisor</a>","<a href=""https://untappd.com/w/sidreria-kuartango/438568"">Untappd</a>"
Sidra Posma,Canary Islands,3,3,6,3,15,2014,2024,8,Active,,"<a href=""https://www.facebook.com/profile.php?id=100063717535205"">Facebook</a>",,,,"<a href=""https://untappd.com/w/posma/512334"">Untappd</a>"
Mooma,Catalonia,2,1,6,6,15,2016,2024,5,Active,"<a href=""https://mooma.cat/"">Website</a>","<a href=""https://www.facebook.com/sidreriamooma/"">Facebook</a>","<a href=""https://www.instagram.com/mooma/"">Instagram</a>","<a href=""https://maps.google.com/?cid=11350926811080988766"">Google</a>","<a href=""https://www.tripadvisor.com/Restaurant_Review-g3501872-d13815642"">TripAdvisor</a>","<a href=""https://untappd.com/w/mooma/254950"">Untappd</a>"
Écusson,France,0,9,3,3,15,2015,2018,4,Active,"<a href=""https://www.cidre-ecusson.com/"">Website</a>","<a href=""https://www.facebook.com/CidreEcusson/"">Facebook</a>","<a href=""https://www.instagram.com/cidreecusson/"">Instagram</a>",,,"<a href=""https://untappd.com/w/cidres-ecusson/15641"">Untappd</a>"
Cydr Chyliczki,Poland,1,3,8,2,14,2016,2020,4,Active,"<a href=""https://cydrchyliczki.pl/"">Website</a>","<a href=""https://www.facebook.com/cydrchyliczki/"">Facebook</a>","<a href=""https://www.instagram.com/cydrchyliczki/"">Instagram</a>",,,"<a href=""https://untappd.com/w/cydr-chyliczki/271740"">Untappd</a>"
Lagar de Valleseco,Canary Islands,1,2,6,5,14,2020,2024,5,Active,,"<a href=""https://www.facebook.com/sidralagardevalleseco/"">Facebook</a>",,"<a href=""https://maps.google.com/?cid=6485664555068943913"">Google</a>",,"<a href=""https://untappd.com/w/angel-dominguez-ponce/511926"">Untappd</a>"
Domaine de la Mare,France,0,0,8,6,14,2018,2023,6,Active,"<a href=""https://www.domainedelamare.com/"">Website</a>",,,"<a href=""https://maps.google.com/?cid=11844878661689216154"">Google</a>",,"<a href=""https://untappd.com/w/domaine-de-la-mare/511923"">Untappd</a>"
Casería San Juan del Obispo,Asturias,4,6,1,2,13,2013,2023,10,Active,"<a href=""https://www.caseriasanjuandelobispo.com/"">Website</a>",,,"<a href=""https://maps.google.com/?cid=13956526212503892929"">Google</a>",,"<a href=""https://untappd.com/w/caseria-san-juan-del-obispo/285141"">Untappd</a>"
Stonewell Cider,Ireland,2,2,7,2,13,2016,2024,4,Active,"<a href=""https://www.stonewellcider.com/"">Website</a>","<a href=""https://www.facebook.com/stonewellcider"">Facebook</a>","<a href=""https://www.instagram.com/stonewellcider/"">Instagram</a>","<a href=""https://maps.google.com/?cid=6638378960827420170"">Google</a>",,"<a href=""https://untappd.com/Nohoval_Drinks_Company_Ltd"">Untappd</a>"
Urban Farm Fermentory,United States,1,2,5,5,13,2018,2023,5,Inactive,,,,,,
Cydrownia Zywer,Poland,0,3,5,4,12,2021,2024,4,Active,"<a href=""https://zywer.pl/"">Website</a>","<a href=""https://www.facebook.com/CydrowniaZywer"">Facebook</a>","<a href=""https://www.instagram.com/cydrowniazywer/"">Instagram</a>","<a href=""https://maps.google.com/?cid=10041242298570436703"">Google</a>",,"<a href=""https://untappd.com/cydrowniazywer"">Untappd</a>"
Rossbach Cider,Czechia,0,0,8,4,12,2015,2022,6,Inactive,,,,,,
Tālava,Latvia,2,1,4,4,11,2021,2024,4,Active,"<a href=""https://www.talava.lv/"">Website</a>","<a href=""https://www.facebook.com/talavassidrs"">Facebook</a>","<a href=""https://www.instagram.com/talavas_sidrs/"">Instagram</a>","<a href=""https://maps.google.com/?cid=16414834196985036378"">Google</a>",,"<a href=""https://untappd.com/TalavasSidrs"">Untappd</a>"
Sidra La Naveta,Asturias,1,3,4,3,11,2017,2023,7,Active,"<a href=""https://lanaveta.com/"">Website</a>","<a href=""https://www.facebook.com/profile.php?id=100063497946147"">Facebook</a>",,"<a href=""https://maps.google.com/?cid=18265458060195810621"">Google</a>",,"<a href=""https://untappd.com/w/la-naveta/288596"">Untappd</a>"
Petritegi,Basque Country,1,3,5,1,10,2021,2024,4,Active,"<a href=""https://www.petritegi.com/"">Website</a>","<a href=""https://www.facebook.com/Petritegi/"">Facebook</a>","<a href=""https://www.instagram.com/petritegi"">Instagram</a>","<a href=""https://maps.google.com/?cid=16425101977693923721"">Google</a>","<a href=""https://www.tripadvisor.com/Restaurant_Review-g1064182-d2266030"">TripAdvisor</a>","<a href=""https://untappd.com/brewery/51639"">Untappd</a>"
Cidérka,Czechia,0,3,5,2,10,2020,2024,5,Active,"<a href=""https://www.ciderka.cz/"">Website</a>","<a href=""https://www.facebook.com/ciderka.cz"">Facebook</a>","<a href=""https://www.instagram.com/ciderka.cz/"">Instagram</a>","<a href=""https://maps.google.com/?cid=4045068491840478725"">Google</a>",,"<a href=""https://untappd.com/w/ciderka/463341"">Untappd</a>"
Naturcidre,Germany,1,2,4,2,9,2022,2024,3,Active,"<a href=""https://www.naturcidre.de/"">Website</a>",,"<a href=""https://www.instagram.com/cidre_urs/"">Instagram</a>","<a href=""https://maps.google.com/?cid=9508737086378177205"">Google</a>",,"<a href=""https://untappd.com/w/naturcidre-urs-renninger/460255"">Untappd</a>"
Abuls,Latvia,0,1,5,3,9,2020,2024,4,Active,"<a href=""https://www.abuls.lv/"">Website</a>","<a href=""https://www.facebook.com/sidrsAbuls/"">Facebook</a>","<a href=""https://www.instagram.com/abuls_sidrs/"">Instagram</a>","<a href=""https://maps.google.com/?cid=12371654123090416644"">Google</a>",,"<a href=""https://untappd.com/Abuls"">Untappd</a>"
Mistérios da Quinta,Portugal,0,0,5,4,9,2023,2024,2,Active,,,"<a href=""https://www.instagram.com/sidrariaprazeres/"">Instagram</a>",,,"<a href=""https://untappd.com/w/misterios-da-quinta-unipessoal-lda/530615"">Untappd</a>"
Sidra Carral,León,0,0,4,5,9,2016,2024,7,Active,,"<a href=""https://www.facebook.com/sidranaturalcarral/"">Facebook</a>","<a href=""https://www.instagram.com/sidracarral/"">Instagram</a>","<a href=""https://maps.google.com/?cid=2695880588601500201"">Google</a>",,"<a href=""https://untappd.com/w/sidra-natural-carral/296674"">Untappd</a>"
Sidra Fran,Asturias,2,2,2,2,8,2021,2024,4,Active,"<a href=""https://sidrafran.es/"">Website</a>",,"<a href=""https://www.instagram.com/sidrafran1918/"">Instagram</a>","<a href=""https://maps.google.com/?cid=15672106953833908893"">Google</a>","<a href=""https://www.tripadvisor.com/Restaurant_Review-g2437300-d7244547"">TripAdvisor</a>","<a href=""https://untappd.com/w/sidra-fran/85954"">Untappd</a>"
Baldorba Naturel & Sagarraleku,Basque Country,0,1,5,2,8,2022,2024,3,Active,"<a href=""https://www.sidrasbaldorbanaturel.com/"">Website</a>","<a href=""https://www.facebook.com/sagarraleku/"">Facebook</a>","<a href=""https://www.instagram.com/sidrasbaldorbanaturel/"">Instagram</a>",,,"<a href=""https://untappd.com/w/baldorba-sagardotegia/336919"">Untappd</a>"
Eva Group,Basque Country,0,1,4,3,8,2017,2020,2,Active,"<a href=""https://www.evasa.com/"">Website</a>",,,"<a href=""https://maps.google.com/?cid=546948451257487120"">Google</a>",,"<a href=""https://untappd.com/EvaGroup"">Untappd</a>"
Elegast Cidery,Netherlands,0,0,3,5,8,2020,2023,4,Active,"<a href=""https://elegastcider.nl/"">Website</a>","<a href=""https://www.facebook.com/elegastcidery/"">Facebook</a>","<a href=""https://www.instagram.com/elegast_cidery/"">Instagram</a>","<a href=""https://maps.google.com/?cid=5936408747857287023"">Google</a>",,"<a href=""https://untappd.com/ElegastCidery"">Untappd</a>"
Cidre Mauret,France,5,1,0,1,7,2018,2020,3,Active,"<a href=""https://www.cidremauret.fr/"">Website</a>","<a href=""https://www.facebook.com/cidremauret"">Facebook</a>","<a href=""https://www.instagram.com/cidre_mauret/"">Instagram</a>","<a href=""https://maps.google.com/?cid=4442731802315342242"">Google</a>",,"<a href=""https://untappd.com/w/cidre-mauret/303234"">Untappd</a>"
Seidear,Scotland,1,3,3,0,7,2021,2024,4,Active,"<a href=""https://seidear.com/"">Website</a>","<a href=""https://www.facebook.com/seidear.weescottishciderco/"">Facebook</a>","<a href=""https://www.instagram.com/seidear/"">Instagram</a>","<a href=""https://maps.google.com/?cid=227255875071520296"">Google</a>",,"<a href=""https://untappd.com/TheWeeScottishCiderCo"">Untappd</a>"
Sidra Cortina,Asturias,1,2,2,2,7,2015,2024,7,Active,"<a href=""https://www.sidracortina.com/"">Website</a>","<a href=""https://www.facebook.com/sidracortina/"">Facebook</a>","<a href=""https://instagram.com/sidracortina"">Instagram</a>","<a href=""https://maps.google.com/?cid=14248814769091122504"">Google</a>","<a href=""https://www.tripadvisor.com/Restaurant_Review-g19842666-d985244"">TripAdvisor</a>","<a href=""https://untappd.com/w/sidra-cortina-coro/50162"">Untappd</a>"
Cydr Tradycyjny z Trzebnicy,Poland,0,2,0,5,7,2019,2023,4,Active,,"<a href=""https://www.facebook.com/cydr.tradycyjny/"">Facebook</a>",,"<a href=""https://maps.google.com/?cid=16047236127227822461"">Google</a>",,"<a href=""https://untappd.com/w/cydr-tradycyjny-trzebnica/239415"">Untappd</a>"
Brinkhall Sparkling,Finland,0,1,5,1,7,2018,2023,3,Active,"<a href=""https://bsp.fi/"">Website</a>","<a href=""https://www.facebook.com/brinkhalls"">Facebook</a>","<a href=""https://www.instagram.com/brinkhallsparkling/"">Instagram</a>","<a href=""https://maps.google.com/?cid=10856204128601037922"">Google</a>",,"<a href=""https://untappd.com/BrinkhallSparkling"">Untappd</a>"
Exner Cider,Asturias,2,1,1,2,6,2020,2024,5,Active,"<a href=""https://exnercider.com/"">Website</a>","<a href=""https://www.facebook.com/ExnerCider/"">Facebook</a>","<a href=""https://www.instagram.com/exner.cider/"">Instagram</a>",,,"<a href=""https://untappd.com/b/llagar-sidra-castanon-exner/3684800"">Untappd</a>"
Llagares Valverán,Asturias,1,3,2,0,6,2017,2024,6,Active,"<a href=""https://llagaresvalveran.com/"">Website</a>","<a href=""https://www.facebook.com/masaveubodegas/"">Facebook</a>","<a href=""https://www.instagram.com/masaveubodegas/"">Instagram</a>","<a href=""https://maps.google.com/?cid=10125751207643631112"">Google</a>",,"<a href=""https://untappd.com/w/valveran/55774"">Untappd</a>"
Sidra Castañón,Asturias,1,3,1,1,6,2016,2024,4,Active,"<a href=""https://sidracastanon.com/"">Website</a>","<a href=""https://www.facebook.com/sidracastanon/"">Facebook</a>","<a href=""https://www.instagram.com/sidracastanon/"">Instagram</a>","<a href=""https://maps.google.com/?cid=3082307260151948865"">Google</a>","<a href=""https://www.tripadvisor.com/Attraction_Review-g2186312-d12246874"">TripAdvisor</a>","<a href=""https://untappd.com/w/llagar-sidra-casta-n/81481"">Untappd</a>"
Tori Siidritalu,Estonia,1,2,3,0,6,2019,2020,2,Active,"<a href=""https://siidritalu.ee/"">Website</a>","<a href=""https://www.facebook.com/Torisiidritalu"">Facebook</a>","<a href=""https://www.instagram.com/tori_siidritalu/"">Instagram</a>","<a href=""https://maps.google.com/?cid=12573071235401057897"">Google</a>","<a href=""https://www.tripadvisor.com/Attraction_Review-g3296605-d9835124"">TripAdvisor</a>","<a href=""https://untappd.com/w/tori-joesuu-siidri-ja-veinitalu/256691"">Untappd</a>"
Cydr Dwaj Bracia,Poland,1,0,1,4,6,2023,2024,2,Active,"<a href=""https://dwajbracia.pl/"">Website</a>","<a href=""https://www.facebook.com/profile.php?id=100094619362211"">Facebook</a>","<a href=""https://www.instagram.com/cydr_dwaj_bracia"">Instagram</a>",,,"<a href=""https://untappd.com/w/cydr-dwaj-bracia/551234"">Untappd</a>"
Sendero del Valle,Canary Islands,0,1,5,0,6,2022,2024,3,Active,,"<a href=""https://www.facebook.com/productosgranvalle.es"">Facebook</a>",,,,"<a href=""https://untappd.com/w/sendero-del-valle/501949"">Untappd</a>"
Ramborn Cider Co.,Luxembourg,0,1,4,1,6,2017,2020,2,Active,"<a href=""https://www.ramborn.com/"">Website</a>","<a href=""https://www.facebook.com/RambornUS/"">Facebook</a>","<a href=""https://www.instagram.com/rambornciderco/"">Instagram</a>","<a href=""https://maps.google.com/?cid=16691194016355154342"">Google</a>","<a href=""https://www.tripadvisor.com/Attraction_Review-g206525-d12591209"">TripAdvisor</a>","<a href=""https://untappd.com/Ramborn"">Untappd</a>"
Sidra Mayador,Asturias,0,1,2,3,6,2014,2017,4,Active,"<a href=""http://www.mayador.com/"">Website</a>","<a href=""https://www.facebook.com/sidramayadorcider"">Facebook</a>","<a href=""https://www.instagram.com/sidramayador/"">Instagram</a>","<a href=""https://maps.google.com/?cid=6886369759358960464"">Google</a>",,"<a href=""https://untappd.com/SidraMayador"">Untappd</a>"
Castelo Branco Cider,Portugal,0,0,1,5,6,2020,2023,4,Active,"<a href=""http://www.castelobrancocider.com/"">Website</a>","<a href=""https://www.facebook.com/profile.php?id=100066758822950"">Facebook</a>",,,,
Sidra Alfa,Portugal,1,0,2,2,5,2021,2024,4,Active,"<a href=""https://sidraalfa.pt/"">Website</a>","<a href=""https://www.facebook.com/Sidralfa1/"">Facebook</a>","<a href=""https://www.instagram.com/sidra_alfa/"">Instagram</a>",,,"<a href=""https://untappd.com/w/sidra-alfa/545661"">Untappd</a>"
Jaanihanso,Estonia,0,1,3,1,5,2016,2024,2,Active,"<a href=""http://www.jaanihanso.ee/"">Website</a>","<a href=""https://www.facebook.com/Jaanihanso"">Facebook</a>","<a href=""https://www.instagram.com/jaanihanso/"">Instagram</a>","<a href=""https://maps.google.com/?cid=7606641832512391290"">Google</a>","<a href=""https://www.tripadvisor.com/Attraction_Review-g274956-d12851482"">TripAdvisor</a>","<a href=""https://untappd.com/Jaanihanso"">Untappd</a>"
Oiharte,Basque Country,0,1,3,1,5,2020,2023,4,Active,"<a href=""https://oiharte.com/"">Website</a>","<a href=""https://www.facebook.com/CasaRuralSidreriaOiharte"">Facebook</a>","<a href=""https://www.instagram.com/oiharte/"">Instagram</a>","<a href=""https://maps.google.com/?cid=7283611563965022999"">Google</a>","<a href=""https://www.tripadvisor.com/Restaurant_Review-g1235389-d2470675"">TripAdvisor</a>","<a href=""https://untappd.com/w/oiharte-sagardotegia/351344"">Untappd</a>"
Pica Pica,Germany,0,1,3,1,5,2018,2020,2,Active,"<a href=""https://pica-pica.de/"">Website</a>",,"<a href=""https://www.instagram.com/picapica_cider"">Instagram</a>",,,
Sidra Niebla,Canary Islands,0,1,2,2,5,2021,2024,3,Active,"<a href=""https://www.sidrasdecanarias.com/"">Website</a>",,"<a href=""https://www.instagram.com/sidras_niebla/"">Instagram</a>","<a href=""https://maps.google.com/?cid=16349686505723006702"">Google</a>",,
Carlow Brewing Company,Ireland,0,0,5,0,5,2024,2024,1,Active,"<a href=""https://www.carlowbrewing.com/"">Website</a>",,,"<a href=""https://maps.google.com/?cid=15929028342107779755"">Google</a>","<a href=""https://www.tripadvisor.com/Attraction_Review-g551478-d4227166"">TripAdvisor</a>","<a href=""https://untappd.com/CarlowBrewingCompany"">Untappd</a>"
Colemans Cider Company,England,0,0,3,2,5,2020,2020,1,Inactive,,,,,,
Seppelbauer,Austria,0,0,3,2,5,2015,2020,2,Active,"<a href=""https://www.seppelbauer.at/"">Website</a>","<a href=""https://www.facebook.com/pages/Seppelbauers-Obstparadies/208933892492272"">Facebook</a>","<a href=""https://www.instagram.com/seppelbauer/"">Instagram</a>",,,"<a href=""https://untappd.com/w/mostheuriger-seppelbauer-datzberger/309349"">Untappd</a>"
Tre Rii,Italy,0,0,3,2,5,2020,2023,4,Active,"<a href=""https://www.agricolatrerii.it/"">Website</a>","<a href=""https://www.facebook.com/AgricolaTreRii/"">Facebook</a>","<a href=""https://www.instagram.com/agricolatrerii/"">Instagram</a>","<a href=""https://maps.google.com/?cid=16891167557912713232"">Google</a>","<a href=""https://www.tripadvisor.com/Hotel_Review-g1930460-d15521245"">TripAdvisor</a>","<a href=""https://untappd.com/w/azienda-agricola-tre-rii/368277"">Untappd</a>"
Fukiware Cidrerie,Japan,2,0,1,1,4,2023,2024,2,Active,,"<a href=""https://www.facebook.com/profile.php?id=100063847492626"">Facebook</a>","<a href=""https://www.instagram.com/fukiwarecidrerie/"">Instagram</a>","<a href=""https://maps.google.com/?cid=10680734196000736911"">Google</a>",,"<a href=""https://untappd.com/w/fukiware-cidrerie/505991"">Untappd</a>"
La Maison Ferré,France,1,1,1,1,4,2023,2024,2,Active,"<a href=""https://www.lamaisonferre.fr/"">Website</a>","<a href=""https://www.facebook.com/cidreduperche"">Facebook</a>","<a href=""https://www.instagram.com/la_maison_ferre"">Instagram</a>","<a href=""https://maps.google.com/?cid=13764361049917258070"">Google</a>","<a href=""https://www.tripadvisor.com/Attraction_Review-g4926524-d23694021"">TripAdvisor</a>","<a href=""https://untappd.com/w/la-maison-ferrac/161574"">Untappd</a>"
Paladeus,Italy,1,0,3,0,4,2022,2023,2,Active,"<a href=""http://www.paladeus.it/"">Website</a>","<a href=""https://www.facebook.com/profile.php?id=100067062071715"">Facebook</a>","<a href=""https://www.instagram.com/paladeus_cider/"">Instagram</a>","<a href=""https://maps.google.com/?cid=8605615739361573597"">Google</a>",,"<a href=""https://untappd.com/w/paladeus/538622"">Untappd</a>"
Fjordfolk Mikrobryggeri,Norway,1,0,1,2,4,2021,2021,1,Active,"<a href=""https://www.fjordfolkbrygg.no/"">Website</a>","<a href=""https://www.facebook.com/fjordfolkbrygg/"">Facebook</a>","<a href=""https://www.instagram.com/tallship_cider/"">Instagram</a>","<a href=""https://maps.google.com/?cid=13187877260143472555"">Google</a>",,"<a href=""https://untappd.com/Fjordfolk"">Untappd</a>"
Lucia Maria Melchiori,Italy,1,0,1,2,4,2022,2022,1,Active,"<a href=""https://sidroitaliano.it/"">Website</a>","<a href=""https://www.facebook.com/LMMelchiori/"">Facebook</a>","<a href=""https://www.instagram.com/sidreriamelchiori/"">Instagram</a>","<a href=""https://maps.google.com/?cid=15784129180909501372"">Google</a>","<a href=""https://www.tripadvisor.com/Restaurant_Review-g1425773-d3571906"">TripAdvisor</a>","<a href=""https://untappd.com/w/melchiori/26188"">Untappd</a>"
Cydr Jabłkowy,Poland,0,1,2,1,4,2020,2020,1,Inactive,,,,,,
Sidras Tuscany,Canary Islands,0,0,4,0,4,2023,2024,2,Active,,"<a href=""https://www.facebook.com/profile.php?id=100093320145027"">Facebook</a>","<a href=""https://www.instagram.com/sidrastuscany"">Instagram</a>",,,
1785 Cider,Germany,0,0,3,1,4,2022,2024,3,Active,"<a href=""https://1785-cider.de/"">Website</a>","<a href=""https://www.facebook.com/1785Cider"">Facebook</a>","<a href=""https://www.instagram.com/1785cider/"">Instagram</a>",,,"<a href=""https://untappd.com/1785Cider"">Untappd</a>"
Markenhof,Germany,0,0,3,1,4,2024,2024,1,Active,"<a href=""https://markenhof.info/"">Website</a>","<a href=""https://www.facebook.com/profile.php?id=100079413759867"">Facebook</a>","<a href=""https://www.instagram.com/markenhof_cidre/"">Instagram</a>","<a href=""https://maps.google.com/?cid=2506504366996630424"">Google</a>",,
Cider Magnetic Apple,Czechia,0,0,2,2,4,2015,2020,2,Active,"<a href=""http://magneticapple.cz/"">Website</a>","<a href=""https://www.facebook.com/ciderma"">Facebook</a>",,"<a href=""https://maps.google.com/?cid=1709461893430543805"">Google</a>",,"<a href=""https://untappd.com/w/polabsky-most/97586"">Untappd</a>"
Cydr Smykan,Poland,0,0,1,3,4,2020,2020,1,Active,,"<a href=""https://www.facebook.com/profile.php?id=100063696574643"">Facebook</a>","<a href=""https://www.instagram.com/cydrsmykan/"">Instagram</a>","<a href=""https://maps.google.com/?cid=5924939816740801468"">Google</a>",,"<a href=""https://untappd.com/CydrSmykan"">Untappd</a>"
Sidrada,Portugal,0,0,1,3,4,2021,2022,2,Active,"<a href=""https://sidrada.pt/"">Website</a>","<a href=""https://www.facebook.com/sidra.sidrada/"">Facebook</a>","<a href=""https://www.instagram.com/sidra.sidrada/"">Instagram</a>",,,"<a href=""https://untappd.com/Sidrada"">Untappd</a>"
Sidro MelaGodo,Italy,1,0,2,0,3,2020,2020,1,Active,"<a href=""https://www.sidromelagodo.it/"">Website</a>","<a href=""https://www.facebook.com/profile.php?id=100008470323757"">Facebook</a>","<a href=""https://www.instagram.com/sidromelagodo/"">Instagram</a>","<a href=""https://maps.google.com/?cid=12237794709851078121"">Google</a>",,"<a href=""https://untappd.com/w/azienda-agricola-del-fatti-laura/390657"">Untappd</a>"
Brännland Cider,Sweden,0,3,0,0,3,2015,2016,2,Active,"<a href=""https://www.brannlandcider.se/"">Website</a>","<a href=""https://www.facebook.com/brannlandcider/"">Facebook</a>","<a href=""https://www.instagram.com/brannlandcider/"">Instagram</a>","<a href=""https://maps.google.com/?cid=2299367906990041003"">Google</a>",,"<a href=""https://untappd.com/brewery/83843"">Untappd</a>"
Kystin,France,0,3,0,0,3,2013,2015,3,Active,"<a href=""https://www.kystin.net/"">Website</a>","<a href=""https://www.facebook.com/kystincider"">Facebook</a>",,,,"<a href=""https://untappd.com/brewery/90870"">Untappd</a>"
Nerø Frukt og Sider,Norway,0,2,0,1,3,2023,2023,1,Active,"<a href=""https://www.nerofrukt.no/"">Website</a>","<a href=""https://www.facebook.com/people/NeR%C3%B8-Frukt-og-Sider/100070115946607/"">Facebook</a>","<a href=""https://www.instagram.com/nerofrukt/"">Instagram</a>","<a href=""https://maps.google.com/?cid=2060180241711172985"">Google</a>",,"<a href=""https://untappd.com/w/nero-frukt-og-sider/467847"">Untappd</a>"
Cydr Podlaski,Poland,0,1,2,0,3,2019,2020,2,Active,"<a href=""https://cydrpodlaski.com/"">Website</a>","<a href=""https://www.facebook.com/CydrPodlaski/"">Facebook</a>","<a href=""https://www.instagram.com/cydrpodlaski/"">Instagram</a>","<a href=""https://maps.google.com/?cid=484705273571402447"">Google</a>",,
Egiazki,Basque Country,0,1,2,0,3,2024,2024,1,Active,"<a href=""https://www.egiazki.com/"">Website</a>","<a href=""https://www.facebook.com/egiazki/"">Facebook</a>","<a href=""https://www.instagram.com/egiazki/"">Instagram</a>","<a href=""https://maps.google.com/?cid=9254797308516948164"">Google</a>",,
Hera Cider,Galicia,0,1,1,1,3,2021,2023,3,Active,"<a href=""https://heracider.com/"">Website</a>","<a href=""https://www.facebook.com/heracider/"">Facebook</a>","<a href=""https://www.instagram.com/heracider/"">Instagram</a>","<a href=""https://maps.google.com/?cid=2781404824572044242"">Google</a>",,"<a href=""https://untappd.com/heracider"">Untappd</a>"
Pfeiffer's Cider,Poland,0,1,1,1,3,2023,2024,2,Active,"<a href=""https://pfeiffers.pl/"">Website</a>","<a href=""https://www.facebook.com/pfeifferscider"">Facebook</a>","<a href=""https://www.instagram.com/pfeiffers_cider"">Instagram</a>","<a href=""https://maps.google.com/?cid=1938111950265948010"">Google</a>",,"<a href=""https://untappd.com/w/pfeiffer-s-cider/541464"">Untappd</a>"
Sidra M. Norniella,Asturias,0,1,1,1,3,2014,2022,3,Active,"<a href=""https://www.macrile.com/"">Website</a>","<a href=""https://www.facebook.com/profile.php?id=100010091055351"">Facebook</a>","<a href=""https://www.instagram.com/sidra_m.norniella/"">Instagram</a>","<a href=""https://maps.google.com/?cid=12557897810508481900"">Google</a>",,"<a href=""https://untappd.com/w/macrile/188803"">Untappd</a>"
Cider Bohemia,Czechia,0,0,3,0,3,2019,2020,2,Active,"<a href=""https://ciderbohemia.cz/"">Website</a>",,"<a href=""https://www.instagram.com/ciderbohemia/"">Instagram</a>","<a href=""https://maps.google.com/?cid=7807386085617641275"">Google</a>",,"<a href=""https://untappd.com/w/cider-bohemia/314477"">Untappd</a>"
Iessel Cider,Netherlands,0,0,3,0,3,2023,2023,1,Active,"<a href=""https://www.iesselcider.nl/"">Website</a>","<a href=""https://www.facebook.com/iesselcider/"">Facebook</a>","<a href=""https://www.instagram.com/iessel_cider/"">Instagram</a>","<a href=""https://maps.google.com/?cid=10819175046461159669"">Google</a>",,"<a href=""https://untappd.com/IESSEL_Cider"">Untappd</a>"
Sidra Trabanco,Asturias,0,0,3,0,3,2018,2018,1,Active,"<a href=""https://www.sidratrabanco.com/"">Website</a>","<a href=""https://www.facebook.com/sidratrabanco/"">Facebook</a>","<a href=""https://www.instagram.com/sidratrabanco/"">Instagram</a>","<a href=""https://maps.google.com/?cid=8706552013547802387"">Google</a>",,"<a href=""https://untappd.com/brewery/6382"">Untappd</a>"
Sidra Della Chà,Chile,0,0,2,1,3,2023,2023,1,Active,"<a href=""https://www.dellacha.cl/"">Website</a>","<a href=""https://www.facebook.com/sidradellacha/"">Facebook</a>","<a href=""https://www.instagram.com/sidradellacha/"">Instagram</a>","<a href=""https://maps.google.com/?cid=11234203234144011970"">Google</a>",,"<a href=""https://untappd.com/w/lemon-apple/323317"">Untappd</a>"
Bear Cider,Netherlands,0,0,1,2,3,2015,2018,2,Active,"<a href=""https://www.bearcider.com/"">Website</a>","<a href=""https://www.facebook.com/Beercider"">Facebook</a>","<a href=""https://www.instagram.com/bearcider/"">Instagram</a>","<a href=""https://maps.google.com/?cid=2306162274342811911"">Google</a>",,"<a href=""https://untappd.com/BeerCider"">Untappd</a>"
Sidrería TenCai,Chile,0,0,1,2,3,2021,2023,2,Active,"<a href=""https://tencaisidra.cl/"">Website</a>","<a href=""https://www.facebook.com/profile.php?id=100063550781151"">Facebook</a>","<a href=""https://www.instagram.com/tencaisidra/"">Instagram</a>","<a href=""https://maps.google.com/?cid=5739971672897016755"">Google</a>",,"<a href=""https://untappd.com/tencaisidra"">Untappd</a>"
Boneca de Canudo,Portugal,0,0,0,3,3,2023,2024,2,Active,"<a href=""https://www.bonecadecanudo.com/"">Website</a>","<a href=""https://www.facebook.com/bonecadecanudo/"">Facebook</a>","<a href=""https://www.instagram.com/bonecadecanudo/"">Instagram</a>","<a href=""https://maps.google.com/?cid=14850808685027168712"">Google</a>",,"<a href=""https://untappd.com/w/casa-do-caramanchao/542700"">Untappd</a>"
Finca La Rionda,Asturias,1,0,1,0,2,2017,2019,2,Active,"<a href=""https://bodegalarionda.ueniweb.com/"">Website</a>","<a href=""https://www.facebook.com/fincalarionda"">Facebook</a>",,,"<a href=""https://www.tripadvisor.com/Attraction_Review-g608997-d7010944"">TripAdvisor</a>",
Lauskis,Latvia,1,0,0,1,2,2024,2024,1,Active,"<a href=""http://www.lauskissidrs.lv/"">Website</a>","<a href=""https://www.facebook.com/vinadaritavalauskis"">Facebook</a>",,"<a href=""https://maps.google.com/?cid=12945376031877773481"">Google</a>",,"<a href=""https://untappd.com/w/vina-daritava-lauskis/463428"">Untappd</a>"
Cold Hand Winery,Denmark,0,2,0,0,2,2014,2014,1,Active,"<a href=""https://www.coldhandwinery.dk/"">Website</a>","<a href=""https://www.facebook.com/Cold-Hand-Winery-280396455326889/"">Facebook</a>","<a href=""https://www.instagram.com/cold_hand_winery/"">Instagram</a>","<a href=""https://maps.google.com/?cid=8847115036999398343"">Google</a>","<a href=""https://www.tripadvisor.com/Attraction_Review-g227594-d11638093"">TripAdvisor</a>","<a href=""https://untappd.com/w/cold-hand-winery/101622"">Untappd</a>"
F.H. Prager,Czechia,0,2,0,0,2,2014,2014,1,Active,"<a href=""https://fhprager.cz/"">Website</a>","<a href=""https://www.facebook.com/FHPrager"">Facebook</a>","<a href=""https://www.instagram.com/fhprager/"">Instagram</a>","<a href=""https://maps.google.com/?cid=5646652119245236581"">Google</a>",,"<a href=""https://untappd.com/FHPrager"">Untappd</a>"
Sidra El Gaitero,Asturias,0,2,0,0,2,2013,2014,2,Active,"<a href=""https://www.sidraelgaitero.com/"">Website</a>","<a href=""https://www.facebook.com/grupoelgaitero"">Facebook</a>","<a href=""https://www.instagram.com/grupoelgaitero/"">Instagram</a>","<a href=""https://maps.google.com/?cid=15753532318992345137"">Google</a>","<a href=""https://www.tripadvisor.com/Attraction_Review-g608997-d3239389"">TripAdvisor</a>","<a href=""https://untappd.com/brewery/4266"">Untappd</a>"
La Mala Sidra Espumosa,Peru,0,1,1,0,2,2021,2023,2,Active,"<a href=""https://lamala.pe/"">Website</a>","<a href=""https://www.facebook.com/lamalaperu"">Facebook</a>","<a href=""https://www.instagram.com/lamala.pe/"">Instagram</a>",,,"<a href=""https://untappd.com/w/la-mala-sidra-espumosa/488290"">Untappd</a>"
Lion Ciders,Germany,0,1,1,0,2,2017,2018,2,Inactive,,,,,,
Sodo Sidrinė,Lithuania,0,1,0,1,2,2024,2024,1,Active,,"<a href=""https://www.facebook.com/klumpessodai/"">Facebook</a>","<a href=""https://www.instagram.com/sodo_cider/"">Instagram</a>",,,
Gartziategi,Basque Country,0,0,2,0,2,2021,2022,2,Active,"<a href=""https://gartziategi.com/"">Website</a>","<a href=""https://www.facebook.com/gartziategi"">Facebook</a>","<a href=""https://www.instagram.com/gartziategi/"">Instagram</a>","<a href=""https://maps.google.com/?cid=4734247712861040251"">Google</a>","<a href=""https://www.tripadvisor.com/Restaurant_Review-g187457-d4258881"">TripAdvisor</a>","<a href=""https://untappd.com/w/gartziategi-braserria/123054"">Untappd</a>"
La Cave du Tisquin,France,0,0,2,0,2,2023,2023,1,Active,"<a href=""https://hervederenac.wixsite.com/la-cave-du-tisquin"">Website</a>",,,,,"<a href=""https://untappd.com/w/la-cave-du-tisquin/464704"">Untappd</a>"
Les Vergers de la Morinière,France,0,0,2,0,2,2020,2020,1,Active,"<a href=""https://www.lesvergersdelamoriniere.com/"">Website</a>","<a href=""https://www.facebook.com/profile.php?id=100063862241595"">Facebook</a>","<a href=""https://www.instagram.com/lesvergersdelamoriniere/"">Instagram</a>","<a href=""https://maps.google.com/?cid=14981589481770317523"">Google</a>",,"<a href=""https://untappd.com/w/les-vergers-de-la-moriniere/130716"">Untappd</a>"
Mūrbūdu,Latvia,0,0,2,0,2,2023,2023,1,Active,"<a href=""https://www.nenormalssidrs.lv/"">Website</a>","<a href=""https://www.facebook.com/murbudu/"">Facebook</a>","<a href=""https://www.instagram.com/murbudu_sidrs/"">Instagram</a>","<a href=""https://maps.google.com/?cid=15847061061259139900"">Google</a>",,"<a href=""https://untappd.com/MurbuduSidraDaritava"">Untappd</a>"
Sidra do Massa,Portugal,0,0,2,0,2,2023,2024,2,Active,,,"<a href=""https://www.instagram.com/sidradomassa/"">Instagram</a>",,,"<a href=""https://untappd.com/w/sidra-do-massa/550299"">Untappd</a>"
Szczepanówka,Poland,0,0,2,0,2,2019,2020,2,Active,"<a href=""https://szczepanowka.pl/"">Website</a>","<a href=""https://www.facebook.com/szczepanowka/"">Facebook</a>","<a href=""https://www.instagram.com/szczepanowka/"">Instagram</a>","<a href=""https://maps.google.com/?cid=11891178280401586186"">Google</a>",,"<a href=""https://untappd.com/w/szczepanowka/297101"">Untappd</a>"
Templars Cider,France,0,0,2,0,2,2020,2020,1,Active,"<a href=""https://www.templarscider.co.uk/"">Website</a>","<a href=""https://www.facebook.com/blandscider/"">Facebook</a>","<a href=""https://www.instagram.com/templarscider/"">Instagram</a>","<a href=""https://maps.google.com/?cid=14287903066290051914"">Google</a>",,
Andersen Winery,Denmark,0,0,1,1,2,2017,2020,2,Active,"<a href=""https://andersenwinery.dk/"">Website</a>","<a href=""https://www.facebook.com/andersenwinery"">Facebook</a>","<a href=""https://www.instagram.com/andersenwinery/"">Instagram</a>","<a href=""https://maps.google.com/?cid=1091487036715359602"">Google</a>","<a href=""https://www.tripadvisor.com/Attraction_Review-g1699896-d20578301"">TripAdvisor</a>","<a href=""https://untappd.com/w/andersen-winery/508619"">Untappd</a>"
Berryland,Ukraine,0,0,1,1,2,2021,2021,1,Inactive,,,,,,
Frux Solis,Poland,0,0,1,1,2,2019,2020,2,Active,"<a href=""https://frux-solis.pl/"">Website</a>","<a href=""https://www.facebook.com/fruxsolis/"">Facebook</a>",,"<a href=""https://maps.google.com/?cid=13443134445458550426"">Google</a>",,"<a href=""https://untappd.com/w/frux-solis/297064"">Untappd</a>"
Kolowratovy Sady,Czechia,0,0,1,1,2,2019,2020,2,Active,"<a href=""https://kolowratovysady.cz/"">Website</a>","<a href=""https://www.facebook.com/kolowratovysady"">Facebook</a>","<a href=""https://www.instagram.com/kolowratovysady"">Instagram</a>","<a href=""https://maps.google.com/?cid=9866057086722481963"">Google</a>",,"<a href=""https://untappd.com/Kolowratovysady"">Untappd</a>"
Opre',Slovakia,0,0,1,1,2,2021,2023,2,Active,"<a href=""https://www.opre.sk/"">Website</a>","<a href=""https://www.facebook.com/oprecider"">Facebook</a>","<a href=""https://www.instagram.com/oprecider/"">Instagram</a>","<a href=""https://maps.google.com/?cid=12156398933247073454"">Google</a>",,"<a href=""https://untappd.com/Opre"">Untappd</a>"
První Prajzské,Czechia,0,0,1,1,2,2020,2020,1,Active,"<a href=""https://prvni-prajzske.webnode.cz/"">Website</a>","<a href=""https://www.facebook.com/prvniprajzske/"">Facebook</a>",,,,"<a href=""https://untappd.com/w/ciderie-prvni-prajzske/440469"">Untappd</a>"
Romaria,Portugal,0,0,1,1,2,2023,2023,1,Active,,,,,,"<a href=""https://untappd.com/w/herdade-do-pereira/538761"">Untappd</a>"
Somerset Cider Brandy & Burrow Hill Cider,England,0,0,1,1,2,2017,2017,1,Active,"<a href=""https://www.somersetciderbrandy.com/"">Website</a>","<a href=""https://www.facebook.com/ciderbrandy"">Facebook</a>","<a href=""https://www.instagram.com/somersetciderbrandy/"">Instagram</a>","<a href=""https://maps.google.com/?cid=7367344989762198966"">Google</a>","<a href=""https://www.tripadvisor.com/Attraction_Review-g1096546-d549720"">TripAdvisor</a>","<a href=""https://untappd.com/brewery/34566"">Untappd</a>"
Hogan's Cider,England,0,0,0,2,2,2018,2018,1,Active,"<a href=""https://www.hoganscider.co.uk/"">Website</a>","<a href=""https://www.facebook.com/HogansCider/"">Facebook</a>","<a href=""https://www.instagram.com/hoganscider/"">Instagram</a>","<a href=""https://maps.google.com/?cid=344551779062280462"">Google</a>",,"<a href=""https://untappd.com/brewery/27309"">Untappd</a>"
Iturrieta Sagardotegia,Basque Country,1,0,0,0,1,2022,2022,1,Active,"<a href=""https://www.iturrieta.eus/"">Website</a>","<a href=""https://www.facebook.com/IturrietaSagardotegia"">Facebook</a>","<a href=""https://www.instagram.com/iturrietasagardotegia/"">Instagram</a>","<a href=""https://maps.google.com/?cid=10787365248481309248"">Google</a>","<a href=""https://www.tripadvisor.com/Restaurant_Review-g21298255-d9790244"">TripAdvisor</a>","<a href=""https://untappd.com/w/juan-jose-pecina/432334"">Untappd</a>"
Pedro El Duque,Asturias,1,0,0,0,1,2020,2020,1,Inactive,,,,,,
Cydr Ignaców,Poland,0,1,0,0,1,2016,2016,1,Active,"<a href=""http://www.cydrignacow.pl/"">Website</a>","<a href=""https://www.facebook.com/CydrIgnacow"">Facebook</a>","<a href=""https://www.instagram.com/cydr_ignacow/"">Instagram</a>",,,"<a href=""https://untappd.com/w/cydr-ignacow/146987"">Untappd</a>"
El Molín del Nora,Asturias,0,1,0,0,1,2017,2017,1,Inactive,,,,,,
Landsteiner Mühle,Germany,0,1,0,0,1,2013,2013,1,Inactive,,,,,,
Magic Apple,Czechia,0,1,0,0,1,2015,2015,1,Inactive,,,,,,
Pivovar Steiger,Slovakia,0,1,0,0,1,2014,2014,1,Inactive,,,,,,
Sidra El Gobernador,Asturias,0,1,0,0,1,2013,2013,1,Active,"<a href=""https://martinezsopenahermanos.com/"">Website</a>",,"<a href=""https://www.instagram.com/sidraelgobernador/"">Instagram</a>","<a href=""https://maps.google.com/?cid=16311632506815681967"">Google</a>",,"<a href=""https://untappd.com/w/sidra-el-gobernador/55772"">Untappd</a>"
Sidra Somarroza,Cantabria,0,1,0,0,1,2016,2016,1,Active,"<a href=""https://sidrasomarroza.es/"">Website</a>","<a href=""https://www.facebook.com/sidrasomarroza"">Facebook</a>","<a href=""https://www.instagram.com/sidrasomarroza/"">Instagram</a>","<a href=""https://maps.google.com/?cid=7109045394192195825"">Google</a>",,"<a href=""https://untappd.com/w/somarroza/147830"">Untappd</a>"
Sxollie,England,0,1,0,0,1,2017,2017,1,Active,"<a href=""https://sxollie.com/"">Website</a>","<a href=""https://www.facebook.com/sxollie/"">Facebook</a>","<a href=""https://www.instagram.com/sxolliexider/"">Instagram</a>","<a href=""https://maps.google.com/?cid=10777151726289454626"">Google</a>",,"<a href=""https://untappd.com/SXOLLIELOVER"">Untappd</a>"
The Pippa,Asturias,0,1,0,0,1,2018,2018,1,Inactive,,,,,,
Topa Cidre,Basque Country,0,1,0,0,1,2018,2018,1,Active,"<a href=""https://www.topa-cidre.com/"">Website</a>","<a href=""https://www.facebook.com/topacidre/"">Facebook</a>","<a href=""https://www.instagram.com/topa.cidre/"">Instagram</a>","<a href=""https://maps.google.com/?cid=10484194815167161209"">Google</a>",,"<a href=""https://untappd.com/w/topa-cidre/396064"">Untappd</a>"
Vinos Tendal,Canary Islands,0,1,0,0,1,2024,2024,1,Active,"<a href=""https://vinostendal.com/"">Website</a>","<a href=""https://www.facebook.com/vinostendal/"">Facebook</a>","<a href=""https://www.instagram.com/vinostendal/"">Instagram</a>","<a href=""https://maps.google.com/?cid=12649281777724932562"">Google</a>",,
Æblerov,Denmark,0,0,1,0,1,2021,2021,1,Active,"<a href=""https://www.aeblerov.com/"">Website</a>","<a href=""https://www.facebook.com/aeblerov"">Facebook</a>","<a href=""https://www.instagram.com/aeblerov_cider/"">Instagram</a>","<a href=""https://maps.google.com/?cid=13343568507198535456"">Google</a>",,"<a href=""https://untappd.com/Aeblerov"">Untappd</a>"
Angry Orchard,United States,0,0,1,0,1,2017,2017,1,Active,"<a href=""https://www.angryorchard.com/"">Website</a>","<a href=""https://www.facebook.com/AngryOrchard/"">Facebook</a>","<a href=""https://www.instagram.com/angryorchard/"">Instagram</a>","<a href=""https://maps.google.com/?cid=17467507983407382578"">Google</a>","<a href=""https://www.tripadvisor.com/Attraction_Review-g48788-d10266026"">TripAdvisor</a>","<a href=""https://untappd.com/w/angry-orchard-cider-company/16455"">Untappd</a>"
Araújo Monte,Portugal,0,0,1,0,1,2016,2016,1,Inactive,,,,,,
Astarbe,Basque Country,0,0,1,0,1,2014,2014,1,Active,"<a href=""https://www.astarbe.eus/"">Website</a>","<a href=""https://www.facebook.com/AstarbeSagar"">Facebook</a>","<a href=""https://www.instagram.com/astarbesagar/"">Instagram</a>","<a href=""https://maps.google.com/?cid=4931185880912606614"">Google</a>","<a href=""https://www.tripadvisor.com/Restaurant_Review-g1064182-d3250869"">TripAdvisor</a>","<a href=""https://untappd.com/w/sidreria-astarbe-sagardotegia/40068"">Untappd</a>"
Bacha! Cidre,Czechia,0,0,1,0,1,2020,2020,1,Active,"<a href=""http://cidrebach.cz/"">Website</a>","<a href=""https://www.facebook.com/bachacidre/"">Facebook</a>","<a href=""https://www.instagram.com/bachacidre"">Instagram</a>","<a href=""https://maps.google.com/?cid=11982087198368302725"">Google</a>",,"<a href=""https://untappd.com/BACHAcidre"">Untappd</a>"
Bembel With Care,Germany,0,0,1,0,1,2022,2022,1,Active,"<a href=""https://bembel-with-care.com/"">Website</a>","<a href=""https://www.facebook.com/bembel.with.care"">Facebook</a>","<a href=""https://www.instagram.com/bembel.with.care/"">Instagram</a>",,,"<a href=""https://untappd.com/bembelwithcare"">Untappd</a>"
Cidre99,Czechia,0,0,1,0,1,2020,2020,1,Active,"<a href=""http://www.cidre99.cz/"">Website</a>","<a href=""https://www.facebook.com/cidre99/"">Facebook</a>","<a href=""https://www.instagram.com/cidre99/"">Instagram</a>",,,"<a href=""https://untappd.com/w/cidre99/278367"">Untappd</a>"
Cotswold Cider Company,England,0,0,1,0,1,2015,2015,1,Active,"<a href=""https://www.cotswoldciderco.com/"">Website</a>","<a href=""https://www.facebook.com/CotswoldCiderCompany"">Facebook</a>","<a href=""https://www.instagram.com/cotswoldciderco/"">Instagram</a>",,,"<a href=""https://untappd.com/TheCotswoldCiderCompany"">Untappd</a>"
Cydr Starków,Poland,0,0,1,0,1,2024,2024,1,Active,,"<a href=""https://www.facebook.com/profile.php?id=61565372395211"">Facebook</a>",,,,
Kühbrein Most,Austria,0,0,1,0,1,2022,2022,1,Active,"<a href=""https://www.kuehbreinmost.at/"">Website</a>","<a href=""https://www.facebook.com/KuhbreinMost/"">Facebook</a>","<a href=""https://www.instagram.com/kuehbrein__/"">Instagram</a>","<a href=""https://maps.google.com/?cid=6347288815375920345"">Google</a>",,"<a href=""https://untappd.com/w/k-hbrein/425089"">Untappd</a>"
Les Vergers de Kermao,France,0,0,1,0,1,2020,2020,1,Active,"<a href=""https://www.cidre-bretagne.com/"">Website</a>",,"<a href=""https://www.instagram.com/kermao.cidre/"">Instagram</a>","<a href=""https://maps.google.com/?cid=11761800243914556755"">Google</a>","<a href=""https://www.tripadvisor.com/Attraction_Review-g2184442-d8603735"">TripAdvisor</a>","<a href=""https://untappd.com/w/les-vergers-de-kermao/240565"">Untappd</a>"
RAW Cider Co.,United States,0,0,1,0,1,2022,2022,1,Active,"<a href=""https://rawcider.com/"">Website</a>","<a href=""https://www.facebook.com/RAWciderco"">Facebook</a>","<a href=""https://www.instagram.com/rawcider"">Instagram</a>","<a href=""https://maps.google.com/?cid=14719415897364830707"">Google</a>",,"<a href=""https://untappd.com/Raw_Cider_Co"">Untappd</a>"
Thatchers Cider,England,0,0,1,0,1,2015,2015,1,Active,"<a href=""https://www.thatcherscider.co.uk/"">Website</a>","<a href=""https://www.facebook.com/ThatchersCiderCompany"">Facebook</a>","<a href=""https://www.instagram.com/thatcherscider/"">Instagram</a>","<a href=""https://maps.google.com/?cid=15191093037076298219"">Google</a>","<a href=""https://www.tripadvisor.com/Attraction_Review-g4412909-d11019728"">TripAdvisor</a>","<a href=""https://untappd.com/brewery/3063"">Untappd</a>"
Cidrerie et Distillerie Pelletier,France,0,0,0,1,1,2021,2021,1,Active,"<a href=""https://www.cidreriedistilleriepelletiersarthe.com/"">Website</a>","<a href=""https://www.facebook.com/cidreriedistilleriepelletier"">Facebook</a>",,"<a href=""https://maps.google.com/?cid=2254638142913788190"">Google</a>",,
Cydr Opoczka,Poland,0,0,0,1,1,2020,2020,1,Inactive,,,,,,
Czar Czerniejowa,Poland,0,0,0,1,1,2020,2020,1,Inactive,,,,,,
Doggerland Craft Cider,Netherlands,0,0,0,1,1,2021,2021,1,Active,"<a href=""https://doggerlandcider.nl/"">Website</a>","<a href=""https://www.facebook.com/doggerlandcider/"">Facebook</a>","<a href=""https://www.instagram.com/doggerlandcider/"">Instagram</a>",,,"<a href=""https://untappd.com/DoggerlandCraftCider"">Untappd</a>"
El Piloñu,Asturias,0,0,0,1,1,2023,2023,1,Active,,,,"<a href=""https://maps.google.com/?cid=16273384405779146543"">Google</a>",,"<a href=""https://untappd.com/w/el-pilo-u/398962"">Untappd</a>"
Herbsts,Latvia,0,0,0,1,1,2023,2023,1,Active,"<a href=""https://herbsts.lv/"">Website</a>","<a href=""https://www.facebook.com/herbsts.sidrs/"">Facebook</a>","<a href=""https://www.instagram.com/herbsts.sidrs/"">Instagram</a>",,,"<a href=""https://untappd.com/HERBSTS"">Untappd</a>"
Israel Hernández del Valle,Canary Islands,0,0,0,1,1,2024,2024,1,Active,,,,,,
Magritte Cider,Chile,0,0,0,1,1,2023,2023,1,Active,"<a href=""https://magrittecider.com/"">Website</a>",,"<a href=""https://www.instagram.com/magrittecider"">Instagram</a>",,,"<a href=""https://untappd.com/w/magritte/553144"">Untappd</a>"
Ola,Basque Country,0,0,0,1,1,2022,2022,1,Active,"<a href=""https://olasagardotegia.eus/"">Website</a>","<a href=""https://www.facebook.com/OlaSagardotegia"">Facebook</a>","<a href=""https://www.instagram.com/ola_sagardotegia/"">Instagram</a>","<a href=""https://maps.google.com/?cid=18333402095066981603"">Google</a>","<a href=""https://www.tripadvisor.com/Restaurant_Review-g227872-d8059391"">TripAdvisor</a>","<a href=""https://untappd.com/w/ola-sagardotegia/199980"">Untappd</a>"
Ottercider,Belgium,0,0,0,1,1,2023,2023,1,Active,"<a href=""https://www.ottercider.be/"">Website</a>","<a href=""https://www.facebook.com/Ottercider"">Facebook</a>","<a href=""https://www.instagram.com/ottercider"">Instagram</a>",,,"<a href=""https://untappd.com/Ottercider"">Untappd</a>"
Pom Sidro Creativo,Italy,0,0,0,1,1,2021,2021,1,Active,"<a href=""https://www.sidropom.com/"">Website</a>","<a href=""https://www.facebook.com/profile.php?id=100069003333725"">Facebook</a>","<a href=""https://www.instagram.com/sidropom/"">Instagram</a>","<a href=""https://maps.google.com/?cid=17454691130515952955"">Google</a>",,"<a href=""https://untappd.com/w/pom-sidro-creativo/514926"">Untappd</a>"
Sidra Fierro,Canary Islands,0,0,0,1,1,2024,2024,1,Active,,,"<a href=""https://www.instagram.com/sidrafierro/"">Instagram</a>","<a href=""https://maps.google.com/?cid=15846866027109025161"">Google</a>",,
Sidro Vittoria,Italy,0,0,0,1,1,2020,2020,1,Active,"<a href=""https://www.sidrovittoria.com/"">Website</a>","<a href=""https://www.facebook.com/sidrovittoria/"">Facebook</a>",,"<a href=""https://maps.google.com/?cid=10506737947463237390"">Google</a>",,"<a href=""https://untappd.com/w/sidro-vittoria/481486"">Untappd</a>"
Son of Man,United States,0,0,0,1,1,2022,2022,1,Active,"<a href=""https://www.sonofman.co/"">Website</a>",,"<a href=""https://www.instagram.com/sonofman.co/"">Instagram</a>",,,"<a href=""https://untappd.com/w/son-of-man-sagardo/428029"">Untappd</a>"
The Drunken Pharmacist,Madeira,0,0,0,1,1,2024,2024,1,Active,,"<a href=""https://www.facebook.com/profile.php?id=100093795090507"">Facebook</a>","<a href=""https://www.instagram.com/thedrunkenpharmacist_/"">Instagram</a>",,,"<a href=""https://untappd.com/w/the-drunken-pharmacist/543354"">Untappd</a>"
Valduro,Asturias,0,0,0,1,1,2016,2016,1,Inactive,,,,,,
Total,,95,175,332,216,818,,,,,,,,,,
