Year,Award,Medalist,Product,Class
2011,🏆 Best in Show,Henney's Cider,Henney's Dry Cider,Dry Cider
2011,🏆 Best Australian Cider,Matilda Bay Brewing Company,Dirty Granny,Medium Cider (using water and/or sugar)
2011,🏆 Best Australian Perry,The Hills Cider Company,Pear,Medium Perry
2011,🏆 Best Australian Perry,Napoleone Cider,Pear Cider Traditionelle,Bottle Conditioned / Methode Champenoise Perry
2012,🏆 Best in Show,Henney's Cider,Henney’s Sweet Cider,Sweet Cider
2012,🏆 Best Australian Cider,Little Creatures,Pipsqueak Best Cider,Medium Cider
2012,🏆 Best Australian Perry,St Ronan's Cider,Methode Traditionelle Pear Cider,Bottle Conditioned / Methode Champenoise Perry
2013,🏆 Best in Show,The Hills Cider Company,Pear,Medium Perry
2013,🏆 Best Australian Cider,Small Acres Cyder,The Cat’s Pyjamas,Bottle Conditioned / Methode Champenoise Cider
2013,🏆 Best Australian Perry,The Hills Cider Company,Pear,Medium Perry
2014,🏆 Best in Show,Thatchers Cider,Thatchers Gold,Traditional Medium Cider
2014,🏆 Best Cider,Thatchers Cider,Thatchers Gold,Traditional Medium Cider
2014,🏆 Best International Cider or Perry,Thatchers Cider,Thatchers Gold,Traditional Medium Cider
2014,🏆 Best Perry,Napoleone Cider,Methode Traditionelle Pear Cider,Bottle Conditioned / Methode Champenoise Perry
2014,🏆 Best Australian Cider or Perry,Napoleone Cider,Methode Traditionelle Pear Cider,Bottle Conditioned / Methode Champenoise Perry
2015,🏆 Best in Show,Willie Smith's,18 Varieties,Traditional Medium Cider
2015,🏆 Best Cider,Willie Smith's,18 Varieties,Traditional Medium Cider
2015,🏆 Best Australian Cider or Perry,Willie Smith's,18 Varieties,Traditional Medium Cider
2016,🏆 Best in Show,Willie Smith's,French Blend,Traditional Medium Cider
2016,🏆 Best Cider,Willie Smith's,French Blend,Traditional Medium Cider
2016,🏆 Best Perry,Small Acres Cyder,2013 Sparkling Perry,Traditional Method Traditional Perry
2016,🏆 Best Australian Cider or Perry,Willie Smith's,French Blend,Traditional Medium Cider
2016,🏆 Best International Cider or Perry,Aspall,Aspall Draught,New World Medium Cider
2017,🏆 Best in Show,Magners,Original Apple,New World Medium Cider
2017,🏆 Best Traditional Cider,St Ronan's Cider,Methode Traditionelle Heritage,Tradtional Method Traditional Cider
2017,🏆 Best New World Cider,Magners,Original Apple,New World Medium Cider
2017,🏆 Best Perry,Carmel Cider Co.,Pear,New World Method Traditional Perry
2017,🏆 Best Cider and Perry Blend,Lobo Cider,LOBO Apple & Pear,Apple and Pear Blends
2017,🏆 Best Intensified/Distilled Cider or Perry,Small Acres Cyder,2015 Pomona Ice,Ice Cider or Perry
2017,🏆 Best Australian Cider or Perry,St Ronan's Cider,Methode Traditionelle Heritage,Tradtional Method Traditional Cider
2017,🏆 Best International Cider or Perry,Magners,Original Apple,New World Medium Cider
2017,🏆 Most Successful Small Producer,Small Acres Cyder,,
2017,🏆 Most Successful Larger Producer,Westons Cider,,
2017,🏆 Champion of the Industry,Drew Henry,,
2018,🏆 Best in Show,Willie Smith's,Kingston Black Cider,Traditional Medium Sweet Cider
2018,🏆 Best Traditional Cider,Willie Smith's,Kingston Black Cider,Traditional Medium Sweet Cider
2018,🏆 Best New World Cider,Westons Cider,Caple Road,New World Medium Cider
2018,🏆 Best Perry,Fils de Pomme,L’Épatant,New World Medium Perry
2018,🏆 Best Intensified/Distilled Cider or Perry,Small Acres Cyder,2010 Pommeau,Pommeau
2018,🏆 Best Australian Cider or Perry,Willie Smith's,Kingston Black Cider,Traditional Medium Sweet Cider
2018,🏆 Best International Cider or Perry,Westons Cider,Caple Road,New World Medium Cider
2018,🏆 Most Successful Small Producer,Small Acres Cyder,,
2018,🏆 Most Successful Larger Producer,Willie Smith's,,
2018,🏆 Champion of the Industry,David Pickering,,
2019,🏆 Best in Show,Barossa Cider Co.,Squashed Apple Cider,New World Medium Sweet Cider
2019,🏆 Best New World Cider,Barossa Cider Co.,Squashed Apple Cider,New World Medium Sweet Cider
2019,🏆 Best Traditional Cider,Kangaroo Island Ciders,Colony Cove 2018 Draught Cider,Traditional Medium Sweet Cider
2019,🏆 Best Perry,Small Acres Cyder,2017 Sparkling Perry,New World ‘Method Traditional’ Perry (disgorged)
2019,🏆 Best Intensified/Distilled Cider or Perry,Willie Smith's,Charles Oates Distilling Apple Blanco,Apple or Pear Spirits - Eau de Vie
2019,🏆 Best Australian Cider or Perry,Barossa Cider Co.,Squashed Apple Cider,New World Medium Sweet Cider
2019,🏆 Best International Cider or Perry,Cester Camillo,Sidro Del Bosco,New World Medium Cider
2019,🏆 Most Successful Small Producer,Small Acres Cyder,,
2019,🏆 Most Successful Larger Producer,Willie Smith's,,
2019,🏆 Champion of the Industry,Dr Clive Crossley and Lynne Uptin OAM,,
2021,🏆 Best in Show,Barossa Cider Co.,Cloudy Cider,Apple and Pear Blends
2021,🏆 Best New World Cider,Cester Camillo,Sidro Del Bosco,New World Cider - Medium
2021,🏆 Best Traditional Cider,Daylesford Cider Company,Wild,Traditional Cider - Medium
2021,🏆 Best New World Perry,The Hills Cider Company,Pear,New World Perry - Medium
2021,🏆 Best Traditional Perry,Core Cider,Perilous,MT Traditional Perry (Disgorged)
2021,🏆 Best Specialty Cider or Perry,Barossa Cider Co.,Cloudy Cider,Apple and Pear Blends
2021,🏆 Best Intensified/Distilled Cider or Perry,Spreyton Cider Co.,Fancy Apple Brandy,Aged Spirit
2021,🏆 Best Australian Cider or Perry,Barossa Cider Co.,Cloudy Cider,Apple and Pear Blends
2021,🏆 Best International Cider or Perry,Cester Camillo,Sidro Del Bosco,New World Cider - Medium
2021,🏆 Most Successful Small Producer,Sidewood Estate,,
2021,🏆 Most Successful Larger Producer,Spreyton Cider Co.,,
2022,🏆 Best in Show,Willie Smith's,Heritage Blend Apple Cider,Traditional Cider - Medium
2022,🏆 Best New World Cider,The Hills Cider Company,Apple Cider,New World Cider - Medium
2022,🏆 Best Traditional Cider,Willie Smith's,Heritage Blend Apple Cider,Traditional Cider - Medium
2022,🏆 Best Perry,Core Cider,Perilous 2020,Traditional Perry - Méthode Traditionnelle (Disgorged)
2022,🏆 Best Specialty Cider or Perry,Roleystone Brewing Company,Rosé Cheeks,Cider or Perry with Fruit
2022,🏆 Best Intensified/Distilled Cider or Perry,Carmel Cider Co.,Apple Brandy,Aged Spirit
2022,🏆 Most Successful Small Producer,Lobo Cider,,
2022,🏆 Most Successful Larger Producer,Willie Smith's,,
2022,🏆 Champion of the Industry,Andrew Lea,,
2023,🏆 Best in Show,Plenty Cider,Apple + Blueberry,Cider or Perry with Fruit
2023,🏆 Best New World Cider,Hillbilly Cider,Apple,New World Cider - Medium Sweet
2023,🏆 Best Traditional Cider,Simple Cider,Wild Heritage Blend,Traditional Cider - Dry
2023,🏆 Best Perry,Napoleone Cider,Pear Cider,New World Perry - Medium
2023,🏆 Best Specialty Cider or Perry,Plenty Cider,Apple + Blueberry,Cider or Perry with Fruit
2023,🏆 Best Intensified/Distilled Cider or Perry,Carmel Cider Co.,Apple Brandy,Aged Apple or Pear Spirit
2023,🏆 Best International Cider or Perry,Peckham's Cider,Stoke Red,Traditional Cider - Medium
2023,🏆 Most Successful Small Producer,Plenty Cider,,
2023,🏆 Most Successful Larger Producer,Hillbilly Cider,,
2023,🏆 Champion of the Industry,Max Allen,,
2024,🏆 Best in Show,Hills Cider,Pear,New World Perry - Medium
2024,🏆 Best New World Cider,Plenty Cider,Original,New World Cider - Medium
2024,🏆 Best Traditional Cider,LOBO,Lenswulf 2019,Traditional Cider - Dry
2024,🏆 Best Perry,Hills Cider,Pear,New World Perry - Medium
2024,🏆 Best Specialty Cider or Perry,The Wild Beyond,Barrel-Aged Raspberry Sour Cider,Cider or Perry with Fruit
2024,🏆 Best Intensified/Distilled Cider or Perry,LOBO,Apple Brandy – Lobodos,Aged Apple or Pear Spirit
2024,🏆 Best International Cider or Perry,Peckham's Cidery and Orchard,Chisel Jersey 2023,Traditional Cider - Medium
2024,🏆 Most Successful Small Producer,Plenty Cider,,
2024,🏆 Most Successful Larger Producer,Hillbilly Cider,,
2024,🏆 Best Single Variety Cider - David Pickering Memorial Trophy,The Apple Thief,Kingston Black,Traditional Cider - Medium Sweet
