Medalist,Country,🏆Trophy,🥇 Gold,🥈 Silver,🥉 Bronze,Total,Website,Facebook,Instagram,Google,TripAdvisor,Untappd
Sidra El Gaitero,Spain,---,2,2,4,8,"<a href=""https://www.sidraelgaitero.com/"">Website</a>","<a href=""https://www.facebook.com/grupoelgaitero"">Facebook</a>","<a href=""https://www.instagram.com/grupoelgaitero/"">Instagram</a>","<a href=""https://maps.google.com/?cid=15753532318992345137"">Google</a>","<a href=""https://www.tripadvisor.com/Attraction_Review-g608997-d3239389"">TripAdvisor</a>","<a href=""https://untappd.com/brewery/4266"">Untappd</a>"
Cidre Le Brun,France,---,2,1,4,7,"<a href=""https://cidrelebrun.com/"">Website</a>",,"<a href=""https://www.instagram.com/cidrelebrun"">Instagram</a>","<a href=""https://maps.google.com/?cid=5387381455239409930"">Google</a>",,"<a href=""https://untappd.com/brewery/31897"">Untappd</a>"
Cidrerie Milton,Canada,---,1,---,5,6,"<a href=""https://cidreriemilton.com/"">Website</a>","<a href=""https://facebook.com/cidreriemilton"">Facebook</a>","<a href=""https://instagram.com/cidreriemilton"">Instagram</a>","<a href=""https://maps.google.com/?cid=9570102942420505240"">Google</a>","<a href=""https://www.tripadvisor.com/Attraction_Review-g11547718-d10105070"">TripAdvisor</a>","<a href=""https://untappd.com/CidrerieMilton"">Untappd</a>"
Thatchers Cider,England,---,---,2,4,6,"<a href=""https://www.thatcherscider.co.uk/"">Website</a>","<a href=""https://www.facebook.com/ThatchersCiderCompany"">Facebook</a>","<a href=""https://www.instagram.com/thatcherscider/"">Instagram</a>","<a href=""https://maps.google.com/?cid=15191093037076298219"">Google</a>","<a href=""https://www.tripadvisor.com/Attraction_Review-g4412909-d11019728"">TripAdvisor</a>","<a href=""https://untappd.com/brewery/3063"">Untappd</a>"
Savanna,South Africa,---,---,3,2,5,"<a href=""https://www.savanna.co.za/"">Website</a>","<a href=""https://www.facebook.com/SavannaCider/"">Facebook</a>","<a href=""https://www.instagram.com/savannacider/"">Instagram</a>","<a href=""https://maps.google.com/?cid=947674074671053030"">Google</a>",,"<a href=""https://untappd.com/w/distell-ltd/14203"">Untappd</a>"
Sandford Orchards,England,1,---,1,2,4,"<a href=""https://www.sandfordorchards.co.uk/"">Website</a>","<a href=""https://www.facebook.com/sandfordorchards"">Facebook</a>","<a href=""https://www.instagram.com/sandfordorchards/"">Instagram</a>","<a href=""https://maps.google.com/?cid=2784404680033020235"">Google</a>","<a href=""https://www.tripadvisor.com/Attraction_Review-g635675-d14758900"">TripAdvisor</a>","<a href=""https://untappd.com/brewery/14080"">Untappd</a>"
Appleblood Cider,Italy,---,1,2,1,4,"<a href=""https://applebloodcider.com/"">Website</a>","<a href=""https://www.facebook.com/applebloodcider"">Facebook</a>","<a href=""https://www.instagram.com/applebloodcider/"">Instagram</a>","<a href=""https://maps.google.com/?cid=14977227174949746380"">Google</a>",,"<a href=""https://untappd.com/w/apple-blood-cider/474058"">Untappd</a>"
Brothers Drinks,England,---,1,---,3,4,"<a href=""https://brotherscider.co.uk/"">Website</a>","<a href=""https://www.facebook.com/BrothersCider"">Facebook</a>","<a href=""https://www.instagram.com/brotherscider"">Instagram</a>","<a href=""https://maps.google.com/?cid=1454211960614674654"">Google</a>",,"<a href=""https://untappd.com/BrothersCider"">Untappd</a>"
Lucia Maria Melchiori,Italy,---,---,3,1,4,"<a href=""https://sidroitaliano.it/"">Website</a>","<a href=""https://www.facebook.com/LMMelchiori/"">Facebook</a>","<a href=""https://www.instagram.com/melchiori_parola_di_luciamaria/"">Instagram</a>","<a href=""https://maps.google.com/?cid=15784129180909501372"">Google</a>","<a href=""https://www.tripadvisor.com/Restaurant_Review-g1425773-d3571906"">TripAdvisor</a>","<a href=""https://untappd.com/w/melchiori/26188"">Untappd</a>"
Sheppy's Cider,England,---,---,1,3,4,"<a href=""https://www.sheppyscider.com/"">Website</a>","<a href=""https://www.facebook.com/sheppyscider/"">Facebook</a>","<a href=""https://www.instagram.com/sheppyscider/"">Instagram</a>","<a href=""https://maps.google.com/?cid=14572513592829460886"">Google</a>","<a href=""https://www.tripadvisor.com/Attraction_Review-g190730-d6870973"">TripAdvisor</a>","<a href=""https://untappd.com/brewery/7956"">Untappd</a>"
Aston Manor Cider,England,---,---,---,4,4,"<a href=""https://www.astonmanor.co.uk/"">Website</a>",,,"<a href=""https://maps.google.com/?cid=8328306569280299730"">Google</a>",,"<a href=""https://untappd.com/AstonManorBreweryCo"">Untappd</a>"
Nerø Frukt og Sider,Norway,2,---,1,---,3,"<a href=""https://www.nerofrukt.no/"">Website</a>","<a href=""https://www.facebook.com/people/NeR%C3%B8-Frukt-og-Sider/100070115946607/"">Facebook</a>","<a href=""https://www.instagram.com/nerofrukt/"">Instagram</a>","<a href=""https://maps.google.com/?cid=2060180241711172985"">Google</a>",,"<a href=""https://untappd.com/w/nero-frukt-og-sider/467847"">Untappd</a>"
Cidrerie Beaupré,Canada,1,---,1,1,3,"<a href=""https://cidreriebeaupre.com/"">Website</a>",,,"<a href=""https://maps.google.com/?cid=1558829279204972008"">Google</a>",,"<a href=""https://untappd.com/w/cidre-beaupre-groupe-geloso/21487"">Untappd</a>"
Loïc Raison,France,---,1,1,1,3,"<a href=""https://www.loicraison.fr/"">Website</a>","<a href=""https://www.facebook.com/CidreLoicRaison/"">Facebook</a>","<a href=""https://www.instagram.com/loicraison/"">Instagram</a>","<a href=""https://maps.google.com/?cid=15768587504697904757"">Google</a>",,"<a href=""https://untappd.com/w/loic-raison/18640"">Untappd</a>"
Cider Mad Apple,Czechia,---,---,2,1,3,,"<a href=""https://www.facebook.com/madapplecider"">Facebook</a>",,"<a href=""https://maps.google.com/?cid=8096197127047797788"">Google</a>",,"<a href=""https://untappd.com/w/mostarna-louny/494693"">Untappd</a>"
Sidewood Estate,Australia,---,---,2,1,3,"<a href=""https://sidewood.com.au/"">Website</a>","<a href=""https://www.facebook.com/SidewoodEstate/"">Facebook</a>","<a href=""https://www.instagram.com/sidewoodestate/"">Instagram</a>","<a href=""https://maps.google.com/?cid=16006910239256404559"">Google</a>","<a href=""https://www.tripadvisor.com.au/Attraction_Review-g499710-d19238424"">TripAdvisor</a>","<a href=""https://untappd.com/w/sidewood-estate/118552"">Untappd</a>"
Walt Cider,Netherlands,---,---,2,1,3,"<a href=""https://waltcider.nl/"">Website</a>","<a href=""https://www.facebook.com/waltcider/"">Facebook</a>","<a href=""https://www.instagram.com/waltcider/"">Instagram</a>","<a href=""https://maps.google.com/?cid=569689914999365231"">Google</a>",,"<a href=""https://untappd.com/WaltCider"">Untappd</a>"
A-Factory Aomori Cidre,Japan,---,---,1,2,3,"<a href=""https://afactory-abc.com/cidre/"">Website</a>",,"<a href=""https://www.instagram.com/af_yoshinocho.cidrefactory/"">Instagram</a>","<a href=""https://maps.google.com/?cid=2400746234436166085"">Google</a>",,"<a href=""https://untappd.com/w/a-factory/388533"">Untappd</a>"
Ciderie de Gerdeneer,Netherlands,---,---,1,2,3,"<a href=""https://degerdeneer.nl/"">Website</a>","<a href=""https://www.facebook.com/degerdeneer/"">Facebook</a>","<a href=""https://www.instagram.com/degerdeneer/"">Instagram</a>","<a href=""https://maps.google.com/?cid=9834372315692684807"">Google</a>","<a href=""https://www.tripadvisor.com/Attraction_Review-g188578-d25373838"">TripAdvisor</a>","<a href=""https://untappd.com/w/de-gerdeneer/489323"">Untappd</a>"
Cidra,Lebanon,---,---,1,2,3,,"<a href=""https://www.facebook.com/cidralebanon"">Facebook</a>","<a href=""https://www.instagram.com/cidralebanon/"">Instagram</a>","<a href=""https://maps.google.com/?cid=14218291570320417037"">Google</a>",,"<a href=""https://untappd.com/w/cidra-s-a-l/532701"">Untappd</a>"
Obst- & Weingut Brüggenwirth,Germany,---,---,1,2,3,"<a href=""https://brueggenwirth.de/"">Website</a>","<a href=""https://www.facebook.com/obsthofbrueggenwirth"">Facebook</a>","<a href=""https://www.instagram.com/obsthofbrueggenwirth/"">Instagram</a>","<a href=""https://maps.google.com/?cid=5975244823985496105"">Google</a>",,
Terre Cartusiae,Italy,---,---,1,2,3,"<a href=""https://terrecartusiae.com/"">Website</a>","<a href=""https://www.facebook.com/profile.php?id=61550312412145"">Facebook</a>",,"<a href=""https://maps.google.com/?cid=11370456585342224345"">Google</a>",,"<a href=""https://untappd.com/w/terre-cartusiae/513760"">Untappd</a>"
Thirsty Fox,India,---,---,1,2,3,"<a href=""https://thirstyfox.com/"">Website</a>","<a href=""https://www.facebook.com/thirstyfoxcider"">Facebook</a>","<a href=""https://www.instagram.com/thirstyfoxcider/"">Instagram</a>","<a href=""https://maps.google.com/?cid=10203573978211651887"">Google</a>",,"<a href=""https://untappd.com/ThirstyFoxCider"">Untappd</a>"
Healey's Cornish Cyder Farm,England,---,---,---,3,3,"<a href=""https://healeyscyder.co.uk/"">Website</a>","<a href=""https://www.facebook.com/HealeysCornishCyderFarm/"">Facebook</a>","<a href=""https://www.instagram.com/healeyscyderfarm/"">Instagram</a>","<a href=""https://maps.google.com/?cid=17810033344220665904"">Google</a>","<a href=""https://www.tripadvisor.com/Attraction_Review-g209011-d647285"">TripAdvisor</a>","<a href=""https://untappd.com/brewery/1717"">Untappd</a>"
Balfour Winery,England,1,---,1,---,2,"<a href=""https://balfourwinery.com/"">Website</a>","<a href=""https://www.facebook.com/jakesdrinks/"">Facebook</a>","<a href=""https://www.instagram.com/balfourbeer/"">Instagram</a>","<a href=""https://maps.google.com/?cid=8755110381879088649"">Google</a>","<a href=""https://www.tripadvisor.com/Attraction_Review-g1936909-d4205571"">TripAdvisor</a>","<a href=""https://untappd.com/JakesDrinksBalfourWinery"">Untappd</a>"
Sxollie,England,---,1,1,---,2,"<a href=""https://sxollie.com/"">Website</a>","<a href=""https://www.facebook.com/sxollie/"">Facebook</a>","<a href=""https://www.instagram.com/sxolliexider/"">Instagram</a>","<a href=""https://maps.google.com/?cid=10777151726289454626"">Google</a>",,"<a href=""https://untappd.com/SXOLLIELOVER"">Untappd</a>"
Sidraria dos Prazeres,Portugal,---,1,---,1,2,,,"<a href=""https://www.instagram.com/sidrariaprazeres/"">Instagram</a>","<a href=""https://maps.google.com/?cid=17308535962264911617"">Google</a>",,"<a href=""https://untappd.com/w/misterios-da-quinta-unipessoal-lda/530615"">Untappd</a>"
Bignose & Beardy,England,---,---,2,---,2,"<a href=""https://bignoseandbeardy.com/"">Website</a>","<a href=""https://www.facebook.com/bignoseandbeardy/"">Facebook</a>","<a href=""https://www.instagram.com/bignosebeardy/"">Instagram</a>","<a href=""https://maps.google.com/?cid=15761729958801782355"">Google</a>",,"<a href=""https://untappd.com/w/bignose-beardy/238579"">Untappd</a>"
Fils de Pomme,France,---,---,2,---,2,"<a href=""https://fils-de-pomme.com/"">Website</a>","<a href=""https://www.facebook.com/filsdepomme"">Facebook</a>","<a href=""https://www.instagram.com/filsdepomme/"">Instagram</a>","<a href=""https://maps.google.com/?cid=8093403779791398976"">Google</a>",,"<a href=""https://untappd.com/w/fils-de-pa-mme/335627"">Untappd</a>"
Cornish Orchards,England,---,---,1,1,2,"<a href=""https://www.cornishorchards.co.uk/"">Website</a>","<a href=""https://www.facebook.com/cornishorchards/"">Facebook</a>","<a href=""https://www.instagram.com/cornishorchards/"">Instagram</a>","<a href=""https://maps.google.com/?cid=1088039469048966117"">Google</a>","<a href=""https://www.tripadvisor.com/Attraction_Review-g1533388-d5524747"">TripAdvisor</a>","<a href=""https://untappd.com/brewery/21076"">Untappd</a>"
Écusson,France,---,---,1,1,2,"<a href=""https://www.cidre-ecusson.com/"">Website</a>","<a href=""https://www.facebook.com/CidreEcusson/"">Facebook</a>","<a href=""https://www.instagram.com/cidreecusson/"">Instagram</a>","<a href=""https://maps.google.com/?cid=4055962133986878795"">Google</a>",,"<a href=""https://untappd.com/w/cidres-ecusson/15641"">Untappd</a>"
Kelterei Heil,Germany,---,---,1,1,2,"<a href=""https://kelterei-heil.de/"">Website</a>","<a href=""https://www.facebook.com/keltereiheil/"">Facebook</a>","<a href=""https://www.instagram.com/keltereiheil"">Instagram</a>","<a href=""https://maps.google.com/?cid=18431477139160593371"">Google</a>",,"<a href=""https://untappd.com/brewery/33255"">Untappd</a>"
Saigon Cider,Vietnam,---,---,1,1,2,"<a href=""https://www.saigoncider.com/"">Website</a>","<a href=""https://www.facebook.com/saigoncider/"">Facebook</a>","<a href=""https://www.instagram.com/saigoncider/"">Instagram</a>",,,"<a href=""https://untappd.com/w/saigon-cider/127105"">Untappd</a>"
Tālava,Latvia,---,---,1,1,2,"<a href=""https://www.talava.lv/"">Website</a>","<a href=""https://www.facebook.com/talavassidrs"">Facebook</a>","<a href=""https://www.instagram.com/talavas_sidrs/"">Instagram</a>","<a href=""https://maps.google.com/?cid=16414834196985036378"">Google</a>",,"<a href=""https://untappd.com/TalavasSidrs"">Untappd</a>"
Biddenden Vineyards,England,---,---,---,2,2,"<a href=""https://biddendenvineyards.com/"">Website</a>","<a href=""https://www.facebook.com/BiddendenVineyard"">Facebook</a>","<a href=""https://www.instagram.com/biddendenvineyard/"">Instagram</a>","<a href=""https://maps.google.com/?cid=13309985689707675393"">Google</a>","<a href=""https://www.tripadvisor.com/Attraction_Review-g503896-d2103288"">TripAdvisor</a>","<a href=""https://untappd.com/brewery/6644"">Untappd</a>"
Loxtonia Cider,South Africa,---,---,---,2,2,"<a href=""https://loxtonia.co.za/"">Website</a>","<a href=""https://www.facebook.com/loxtoniacider/"">Facebook</a>","<a href=""https://www.instagram.com/loxtonia_cider/"">Instagram</a>","<a href=""https://maps.google.com/?cid=10388854018344349799"">Google</a>","<a href=""https://www.tripadvisor.com/Attraction_Review-g1594772-d19042987"">TripAdvisor</a>","<a href=""https://untappd.com/w/loxtonia-cider/412702"">Untappd</a>"
On Point Cider Company,England,1,---,---,---,1,,"<a href=""https://www.facebook.com/OnPointCider/"">Facebook</a>","<a href=""https://www.instagram.com/onpointcider/"">Instagram</a>",,,"<a href=""https://untappd.com/w/on-point-cider-company/548553"">Untappd</a>"
Dunham Press Cider,England,---,---,1,---,1,"<a href=""https://www.dunhamcider.co.uk/"">Website</a>","<a href=""https://www.facebook.com/dunhampresscider"">Facebook</a>",,"<a href=""https://maps.google.com/?cid=6980479073802538327"">Google</a>",,"<a href=""https://untappd.com/w/dunham-press/280450"">Untappd</a>"
F.H. Prager,Czechia,---,---,1,---,1,"<a href=""https://fhprager.cz/"">Website</a>","<a href=""https://www.facebook.com/FHPrager"">Facebook</a>","<a href=""https://www.instagram.com/fhprager/"">Instagram</a>","<a href=""https://maps.google.com/?cid=5646652119245236581"">Google</a>",,"<a href=""https://untappd.com/FHPrager"">Untappd</a>"
Guillaume & Co,Switzerland,---,---,1,---,1,"<a href=""https://www.guillaumecider.ch/"">Website</a>",,"<a href=""https://www.instagram.com/guillaumecider/"">Instagram</a>","<a href=""https://maps.google.com/?cid=1089223546118021147"">Google</a>",,
J&R Armitage,England,---,---,1,---,1,"<a href=""https://armitagesparklingwines.co.uk/"">Website</a>","<a href=""https://www.facebook.com/JRArmitage1/"">Facebook</a>",,,,"<a href=""https://untappd.com/w/j-r-armitage/492057"">Untappd</a>"
Kilmegan Cider,Northern Ireland,---,---,1,---,1,"<a href=""https://kilmegancider.com/"">Website</a>","<a href=""https://www.facebook.com/kilmegancider/"">Facebook</a>","<a href=""https://www.instagram.com/kilmegancider/"">Instagram</a>","<a href=""https://maps.google.com/?cid=3112578667047542739"">Google</a>",,"<a href=""https://untappd.com/w/kilmegan-cider/140693"">Untappd</a>"
La Mordue,France,---,---,1,---,1,"<a href=""https://www.lamordue.fr/"">Website</a>","<a href=""https://www.facebook.com/ciderlamordue/"">Facebook</a>","<a href=""https://www.instagram.com/ciderlamordue/"">Instagram</a>","<a href=""https://maps.google.com/?cid=10532964261538942975"">Google</a>",,"<a href=""https://untappd.com/w/la-mordue/534655"">Untappd</a>"
Robinsons Cider,England,---,---,1,---,1,"<a href=""https://www.robinsonscider.com/"">Website</a>",,"<a href=""https://www.instagram.com/robinsonscider/"">Instagram</a>",,,"<a href=""https://untappd.com/w/robinsons-cider/137056"">Untappd</a>"
Sandalen Gård,Norway,---,---,1,---,1,"<a href=""https://sandalengard.no/"">Website</a>","<a href=""https://www.facebook.com/sandalengard"">Facebook</a>","<a href=""https://www.instagram.com/sandalengard/"">Instagram</a>","<a href=""https://maps.google.com/?cid=16897274204164201537"">Google</a>",,"<a href=""https://untappd.com/SandalenGrd"">Untappd</a>"
Sibling Winery,England,---,---,1,---,1,"<a href=""https://www.sibling-winery.co.uk/"">Website</a>",,"<a href=""https://www.instagram.com/siblingwinery/"">Instagram</a>",,,"<a href=""https://untappd.com/w/sibling-winery/501371"">Untappd</a>"
The Big Bear Cider Mill,England,---,---,1,---,1,"<a href=""https://www.thebigbearcider.co.uk/"">Website</a>","<a href=""https://www.facebook.com/TheBigBearCiderMill/"">Facebook</a>","<a href=""https://www.instagram.com/thebigbearcidermillessex/"">Instagram</a>","<a href=""https://maps.google.com/?cid=9779226527858904983"">Google</a>","<a href=""https://www.tripadvisor.com/Attraction_Review-g503772-d23593677"">TripAdvisor</a>","<a href=""https://untappd.com/BigBearCiderMill"">Untappd</a>"
Trois-Lacs Ciders,Switzerland,---,---,1,---,1,"<a href=""https://trois-lacs-ciders.webflow.io/"">Website</a>",,"<a href=""https://www.instagram.com/trois_lacs_ciders/"">Instagram</a>","<a href=""https://maps.google.com/?cid=11057921790831268912"">Google</a>",,"<a href=""https://untappd.com/w/trois-lacs-ciders/502801"">Untappd</a>"
Arba Wine,Kazakhstan,---,---,---,1,1,"<a href=""https://arbawine.com/"">Website</a>","<a href=""https://www.facebook.com/ArbaWine.Kazakhstan/"">Facebook</a>","<a href=""https://www.instagram.com/arba_wine/"">Instagram</a>","<a href=""https://maps.google.com/?cid=9591225049119199140"">Google</a>","<a href=""https://www.tripadvisor.com/Attraction_Review-g298251-d10130564"">TripAdvisor</a>","<a href=""https://untappd.com/w/arba-wine/537702"">Untappd</a>"
Armada Cider 1588,Spain,---,---,---,1,1,"<a href=""https://armadacider1588.com/"">Website</a>","<a href=""https://www.facebook.com/armadacider1588"">Facebook</a>","<a href=""https://www.instagram.com/armadacider1588_official/"">Instagram</a>",,,"<a href=""https://untappd.com/w/armada-cider/337747"">Untappd</a>"
Der Kleine Cidre Betrieb,Germany,---,---,---,1,1,"<a href=""https://www.cidre-betrieb.de/"">Website</a>",,"<a href=""https://www.instagram.com/der.kleine.cidre.betrieb/"">Instagram</a>",,,
Dunkertons Cider and Perry,England,---,---,---,1,1,"<a href=""https://www.dunkertonscider.co.uk/"">Website</a>","<a href=""https://www.facebook.com/dunkertonsorganiccider/"">Facebook</a>","<a href=""https://www.instagram.com/dunkertonscider/"">Instagram</a>","<a href=""https://maps.google.com/?cid=4719921113153419800"">Google</a>",,"<a href=""https://untappd.com/brewery/12988"">Untappd</a>"
Hitchcox Cider,England,---,---,---,1,1,"<a href=""https://hitchcoxcider.co.uk/"">Website</a>","<a href=""https://www.facebook.com/HitchcoxCider/"">Facebook</a>","<a href=""https://www.instagram.com/hitchcox_cider/"">Instagram</a>","<a href=""https://maps.google.com/?cid=6038804049112704578"">Google</a>",,"<a href=""https://untappd.com/w/hitchcox-cider-orchard-cottage-cider-company/130683"">Untappd</a>"
Muxaller Cider,Germany,---,---,---,1,1,"<a href=""https://www.muxallercider.de/"">Website</a>","<a href=""https://www.facebook.com/profile.php?id=100064945230179"">Facebook</a>","<a href=""https://www.instagram.com/muxaller_cider"">Instagram</a>",,,"<a href=""https://untappd.com/w/muxaller-wein-gmbh/505047"">Untappd</a>"
Sharp's Brewery,England,---,---,---,1,1,"<a href=""https://www.sharpsbrewery.co.uk/"">Website</a>","<a href=""https://www.facebook.com/sharpsbreweryuk/"">Facebook</a>","<a href=""https://www.instagram.com/sharpsbrewery/"">Instagram</a>","<a href=""https://maps.google.com/?cid=15304130641726715336"">Google</a>","<a href=""https://www.tripadvisor.com/Attraction_Review-g528872-d8420771"">TripAdvisor</a>","<a href=""https://untappd.com/SharpsBrewery"">Untappd</a>"
Tinston Wines & Ciders,England,---,---,---,1,1,"<a href=""https://tinstonwinecider.com/"">Website</a>","<a href=""https://www.facebook.com/tinstonwinecider/"">Facebook</a>","<a href=""https://www.instagram.com/tinstonwinecider/"">Instagram</a>","<a href=""https://maps.google.com/?cid=11983981920527513059"">Google</a>",,"<a href=""https://untappd.com/w/tinston/488266"">Untappd</a>"
Total,,6,10,52,71,139,,,,,,
