Category,Award,Medalist,Entry,Points,Country,Website,Facebook,Instagram,Google,TripAdvisor,Untappd
Still,🥇 GOLD,Weidmann & Groh,Speierling,115,Germany,https://weidmann-groh.de/,https://www.facebook.com/pages/WEIDMANN-GROH/138116339592327,,https://maps.google.com/?cid=6569120976887073603,,https://untappd.com/w/weidmann-groh/73065
Still,🥇 GOLD,Kühbrein Most,Kühbrein Champagner Renette,113,Austria,https://www.kuehbreinmost.at/,https://www.facebook.com/KuhbreinMost/,https://www.instagram.com/kuehbrein__/,https://maps.google.com/?cid=6347288815375920345,,https://untappd.com/w/k-hbrein/425089
Still,🥇 GOLD,Hofkellerei Lackner,Erbachhofer Weinapfel,112,Austria,https://www.lackner-hofkellerei.at/,https://www.facebook.com/hofkellerei.lackner,https://www.instagram.com/hofkellerei.lackner/,https://maps.google.com/?cid=1698967066169668554,,https://untappd.com/w/lackner/374455
Still,🥇 GOLD,Kühbrein Most,Kühbrein Friedrich,111,Austria,https://www.kuehbreinmost.at/,https://www.facebook.com/KuhbreinMost/,https://www.instagram.com/kuehbrein__/,https://maps.google.com/?cid=6347288815375920345,,https://untappd.com/w/k-hbrein/425089
Still,🥇 GOLD,Krenzers Rhön,Miss U,111,Germany,https://rhoenerlebnis.de/,https://www.facebook.com/krenzersrhoen/,https://www.instagram.com/krenzersrhoen/,https://maps.google.com/?cid=15922504228976266945,https://www.tripadvisor.com/Hotel_Review-g2209506-d11774349,https://untappd.com/w/krenzers-rhon/304067
Still,🥇 GOLD,Kelterei Herberth,Herberth Erbstück,110,Germany,http://www.herberth.de/,,https://www.instagram.com/kelterei_herberth/,https://maps.google.com/?cid=2797968598057029562,,https://untappd.com/w/kelterei-herberth/77482
Still,🥇 GOLD,Weidmann & Groh,Boskop,110,Germany,https://weidmann-groh.de/,https://www.facebook.com/pages/WEIDMANN-GROH/138116339592327,,https://maps.google.com/?cid=6569120976887073603,,https://untappd.com/w/weidmann-groh/73065
Still,🥇 GOLD,Zapiain,Euskal Sagardoa Premium 2022,110,Spain,https://zapiain.eus/,https://www.facebook.com/zapiainsagardoa,https://www.instagram.com/zapiainsagardoa/,https://maps.google.com/?cid=16982677267877188990,https://www.tripadvisor.com/Restaurant_Review-g1064182-d3806229,https://untappd.com/ZapiainSagardoa
Still,🥇 GOLD,Kühbrein Most,Kühbrein Ilzer Rosenapfel,109,Austria,https://www.kuehbreinmost.at/,https://www.facebook.com/KuhbreinMost/,https://www.instagram.com/kuehbrein__/,https://maps.google.com/?cid=6347288815375920345,,https://untappd.com/w/k-hbrein/425089
Still,🥇 GOLD,Mostschenke Brunner,"Apfelwein ""Red Love""",109,Austria,https://www.mostschenke.com/,https://www.facebook.com/brunnermost,https://www.instagram.com/brunnermost/,https://maps.google.com/?cid=9656305552831248718,https://www.tripadvisor.com/Restaurant_Review-g3175997-d9608009,
Still,🥇 GOLD,Isastegi,Sidra Natural Isastegi D.O.,109,Spain,https://www.isastegi.com/,https://www.facebook.com/isastegi.sagardotegia,https://www.instagram.com/isastegi/,https://maps.google.com/?cid=3927960308349571227,https://www.tripadvisor.com/Restaurant_Review-g1064362-d5772954,https://untappd.com/brewery/6054
Still,🥈 SILVER,Mostgut Kuchlbauer,Kronprinz Rudolf Apfelmost,106,Austria,https://kuchlbauer.at/,https://www.facebook.com/mostgutkuchlbauer,https://www.instagram.com/mostgut_kuchlbauer/,https://maps.google.com/?cid=612923406573475520,,https://untappd.com/w/mostgut-kuchlbauer/459877
Still,🥈 SILVER,Most Michl,Apfelmost Pinova,106,Austria,https://most-michl.at/,https://www.facebook.com/MostMichl/,https://www.instagram.com/most_michl/,https://maps.google.com/?cid=15823669657140798548,,
Still,🥈 SILVER,Sidra Trabanco,Sidra Natural Trabanco Seleccion,104,Spain,https://www.sidratrabanco.com/,https://www.facebook.com/sidratrabanco/,https://www.instagram.com/sidratrabanco/,https://maps.google.com/?cid=8706552013547802387,,https://untappd.com/brewery/6382
Still,🥈 SILVER,Mausser Most,Maschanzker,103,Austria,https://maussermost.at/,https://www.facebook.com/maussermost,https://www.instagram.com/maussermost/,https://maps.google.com/?cid=7922019135177821652,https://www.tripadvisor.com/Restaurant_Review-g1916798-d5001742,
Still,🥈 SILVER,Kühbrein Most,Kühbrein Kronprinz Rudolf,102,Austria,https://www.kuehbreinmost.at/,https://www.facebook.com/KuhbreinMost/,https://www.instagram.com/kuehbrein__/,https://maps.google.com/?cid=6347288815375920345,,https://untappd.com/w/k-hbrein/425089
Still,🥈 SILVER,Mausser Most,Schafnase,101,Austria,https://maussermost.at/,https://www.facebook.com/maussermost,https://www.instagram.com/maussermost/,https://maps.google.com/?cid=7922019135177821652,https://www.tripadvisor.com/Restaurant_Review-g1916798-d5001742,
Still,🥈 SILVER,Sidra Somarroza,Sidra Natural Premium Somarroza,101,Spain,https://sidrasomarroza.es/,https://www.facebook.com/sidrasomarroza,https://www.instagram.com/sidrasomarroza/,https://maps.google.com/?cid=7109045394192195825,,https://untappd.com/w/somarroza/147830
Still,🥈 SILVER,Quinta da Moscadinha,Natural Aged Sider,101,Portugal,https://quintadamoscadinha.com/,https://www.facebook.com/quintadamoscadinha,https://www.instagram.com/moscadinha,https://maps.google.com/?cid=1405442820439409429,https://www.tripadvisor.com/Hotel_Review-g1190962-d23314913,https://untappd.com/w/quinta-da-moscadinha/538582
Still,🥈 SILVER,Weidmann & Groh,Trierer Weinapfel,101,Germany,https://weidmann-groh.de/,https://www.facebook.com/pages/WEIDMANN-GROH/138116339592327,,https://maps.google.com/?cid=6569120976887073603,,https://untappd.com/w/weidmann-groh/73065
Still,🥈 SILVER,Apfelweinkontor,Skylineschoppen,100,Germany,https://www.apfelweinkontor.com/,https://www.facebook.com/Apfelweinkontor,https://www.instagram.com/apfelweinkontor/,https://maps.google.com/?cid=599143855742456461,https://www.tripadvisor.com/Attraction_Review-g187337-d6922559,https://untappd.com/w/apfelweinkontor-frankfurt/468433
Still,🥈 SILVER,Most Michl,NEXT Apfelwein,99,Austria,https://most-michl.at/,https://www.facebook.com/MostMichl/,https://www.instagram.com/most_michl/,https://maps.google.com/?cid=15823669657140798548,,
Still,🥈 SILVER,Kottmann's Brennerei,"Wiesenobst Cider ""Mostbirnen-Gemisch""",99,Germany,https://hirsch-badditzenbach.de/,https://www.facebook.com/profile.php?id=100054455442443,,https://maps.google.com/?cid=9553558957450184374,https://www.tripadvisor.com/Restaurant_Review-g1053109-d4953508,
Still,🥈 SILVER,Pomologik,Signe Tillisch,99,Sweden,https://www.pomologik.se/,https://www.facebook.com/pomologik,https://www.instagram.com/Pomologik/,https://maps.google.com/?cid=17836181822390207936,,https://untappd.com/Pomologik_swe
Still,🥈 SILVER,Apfelweinkontor,Goldparmäne & Bohnapfel Cuvée,97,Germany,https://www.apfelweinkontor.com/,https://www.facebook.com/Apfelweinkontor,https://www.instagram.com/apfelweinkontor/,https://maps.google.com/?cid=599143855742456461,https://www.tripadvisor.com/Attraction_Review-g187337-d6922559,https://untappd.com/w/apfelweinkontor-frankfurt/468433
Still,🥈 SILVER,Obstbau Ciampa,Apfelwein Mild,97,Germany,,,https://www.instagram.com/obstbau_ciampa/,https://maps.google.com/?cid=10947398667492665042,,
Still,🥉 HONOR,Apfelweinkontor,Hausschoppen,96,Germany,https://www.apfelweinkontor.com/,https://www.facebook.com/Apfelweinkontor,https://www.instagram.com/apfelweinkontor/,https://maps.google.com/?cid=599143855742456461,https://www.tripadvisor.com/Attraction_Review-g187337-d6922559,https://untappd.com/w/apfelweinkontor-frankfurt/468433
Still,🥉 HONOR,Mausser Most,Champagner Renette,96,Austria,https://maussermost.at/,https://www.facebook.com/maussermost,https://www.instagram.com/maussermost/,https://maps.google.com/?cid=7922019135177821652,https://www.tripadvisor.com/Restaurant_Review-g1916798-d5001742,
Still,🥉 HONOR,Kottmann's Brennerei,Wiesenobst Cider Luikenapfel Birnengemisch,96,Germany,https://hirsch-badditzenbach.de/,https://www.facebook.com/profile.php?id=100054455442443,,https://maps.google.com/?cid=9553558957450184374,https://www.tripadvisor.com/Restaurant_Review-g1053109-d4953508,
Still,🥉 HONOR,Mostgut Kuchlbauer,Herrenapfel Apfelmost,94,Austria,https://kuchlbauer.at/,https://www.facebook.com/mostgutkuchlbauer,https://www.instagram.com/mostgut_kuchlbauer/,https://maps.google.com/?cid=612923406573475520,,https://untappd.com/w/mostgut-kuchlbauer/459877
Still,🥉 HONOR,Sidra El Gaitero,Sidra El Gaitero Natural,94,Spain,https://www.sidraelgaitero.com/,https://www.facebook.com/grupoelgaitero,https://www.instagram.com/grupoelgaitero/,https://maps.google.com/?cid=15753532318992345137,https://www.tripadvisor.com/Attraction_Review-g608997-d3239389,https://untappd.com/brewery/4266
Still,🥉 HONOR,Gutshof Kraatz,Vor dem Walde,93,Germany,https://gutshof-kraatz.de/,https://www.facebook.com/GutshofKraatz/,https://www.instagram.com/gutshof_kraatz/,https://maps.google.com/?cid=4340203013602665820,https://www.tripadvisor.com/Restaurant_Review-g12097270-d10525275,https://untappd.com/w/kelterei-gutshof-kraatz/210948
Still,🥉 HONOR,Mostschenke Brunner,"Apfelwein ""Maschansker""",91,Austria,https://www.mostschenke.com/,https://www.facebook.com/brunnermost,https://www.instagram.com/brunnermost/,https://maps.google.com/?cid=9656305552831248718,https://www.tripadvisor.com/Restaurant_Review-g3175997-d9608009,
Still,🥉 HONOR,Mostschenke Brunner,"Apfelwein ""Ilzer Rosenapfel""",91,Austria,https://www.mostschenke.com/,https://www.facebook.com/brunnermost,https://www.instagram.com/brunnermost/,https://maps.google.com/?cid=9656305552831248718,https://www.tripadvisor.com/Restaurant_Review-g3175997-d9608009,
Still,🥉 HONOR,Graf Apfelwein,Graf Old Selection,91,Austria,https://graf-apfelwein.at/,https://www.facebook.com/profile.php?id=100093306042750,https://www.instagram.com/graf_apfelwein/,https://maps.google.com/?cid=951213740707234325,,
Still,🥉 HONOR,Roter Adam,Roter Adam Apfelwein Selection Pfalzmark,91,Germany,https://www.roteradam.de/,,,,,https://untappd.com/w/manufactur-apfeltraum/309238
Still,🥉 HONOR,Bereziartua,Sidra Bereziartua,91,Spain,https://www.bereziartuasagardoa.com/,https://www.facebook.com/Bereziartua,https://www.instagram.com/SBereziartua/,https://maps.google.com/?cid=4287840169739792051,https://www.tripadvisor.com/Restaurant_Review-g1064182-d6740859,https://untappd.com/brewery/7553
Still,🥉 HONOR,Mistérios da Quinta,aRRebITa Tangerina,90,Portugal,,,https://www.instagram.com/sidrariaprazeres/,,,https://untappd.com/w/misterios-da-quinta-unipessoal-lda/530615
Still,🥉 HONOR,Mosterei Seiz,Apfel Gourmet,88,Germany,https://www.mosterei-seiz.de/,https://www.facebook.com/mostereiseiz.gd/,,https://maps.google.com/?cid=17460150387061372281,,https://untappd.com/w/mosterei-seiz/492689
Still,🥉 HONOR,Kelterei Kaes,Kaes Apfelwein,87,Germany,https://apfelweinkaes.de/,https://www.facebook.com/KeltereiKaes/,https://www.instagram.com/kelterei.kaes/,https://maps.google.com/?cid=14775549534266319023,,
Still,🥉 HONOR,Meladoro,Meladoro Apfelwein,87,Germany,https://www.meladoro-wein.de/,,https://www.instagram.com/meladoro_wein,https://maps.google.com/?cid=3661318101864764152,,
Still,🥉 HONOR,Kottmann's Brennerei,Wiesenobst Cider Luikenapfel Gelbmöstler Birne,86,Germany,https://hirsch-badditzenbach.de/,https://www.facebook.com/profile.php?id=100054455442443,,https://maps.google.com/?cid=9553558957450184374,https://www.tripadvisor.com/Restaurant_Review-g1053109-d4953508,
Still,🥉 HONOR,Sidra Trabanco,Alicia,83,Spain,https://www.sidratrabanco.com/,https://www.facebook.com/sidratrabanco/,https://www.instagram.com/sidratrabanco/,https://maps.google.com/?cid=8706552013547802387,,https://untappd.com/brewery/6382
Still,🥉 HONOR,Mistérios da Quinta,aRRebITa Baga de Uveira,81,Portugal,,,https://www.instagram.com/sidrariaprazeres/,,,https://untappd.com/w/misterios-da-quinta-unipessoal-lda/530615
Sparkling,🥇 GOLD,Pomologik,Virvelvind / Munklägret,120,Sweden,https://www.pomologik.se/,https://www.facebook.com/pomologik,https://www.instagram.com/Pomologik/,https://maps.google.com/?cid=17836181822390207936,,https://untappd.com/Pomologik_swe
Sparkling,🥇 GOLD,Kühbrein Most,Kühbrein Secco,119,Austria,https://www.kuehbreinmost.at/,https://www.facebook.com/KuhbreinMost/,https://www.instagram.com/kuehbrein__/,https://maps.google.com/?cid=6347288815375920345,,https://untappd.com/w/k-hbrein/425089
Sparkling,🥇 GOLD,Böhm Ciderwerkstatt,Cider Hollenbach,118,Germany,https://www.boehm-cider.de/,https://www.facebook.com/ciderwerkstatt/,https://www.instagram.com/boehm_ciderwerkstatt,https://maps.google.com/?cid=4561270118581123333,,
Sparkling,🥇 GOLD,Cidrerie du Pays d'Auray,Cidre ExtraBrut,117,France,,,,https://maps.google.com/?cid=9205038680508918633,,https://untappd.com/w/cidrerie-du-pays-d-auray-frana-ois-maho/423523
Sparkling,🥇 GOLD,Ciderwerk,Seute Deern Bio Ciderwerk,115,Germany,https://www.ciderwerk.de/,https://www.facebook.com/Ciderwerk/,https://www.instagram.com/ciderwerk,https://maps.google.com/?cid=16960082056786907939,,https://untappd.com/Ciderwerk
Sparkling,🥇 GOLD,Obst- und Gartenbauverein Fischbach,Rettershofer Cider,114,Germany,https://ogv-fischbach.com/,,,,,
Sparkling,🥇 GOLD,Ebbelboi,Ebbelboi Fasscider,112,Germany,https://www.ebbelboi.com/,,https://www.instagram.com/ebbelboi.de/,https://maps.google.com/?cid=12712207984342946205,,https://untappd.com/w/ebbelboi/540160
Sparkling,🥇 GOLD,Pomologik,Aroma,112,Sweden,https://www.pomologik.se/,https://www.facebook.com/pomologik,https://www.instagram.com/Pomologik/,https://maps.google.com/?cid=17836181822390207936,,https://untappd.com/Pomologik_swe
Sparkling,🥇 GOLD,Sidra El Gaitero,Gaitero Spanish Cider 100% Apple,112,Spain,https://www.sidraelgaitero.com/,https://www.facebook.com/grupoelgaitero,https://www.instagram.com/grupoelgaitero/,https://maps.google.com/?cid=15753532318992345137,https://www.tripadvisor.com/Attraction_Review-g608997-d3239389,https://untappd.com/brewery/4266
Sparkling,🥇 GOLD,Cidrerie Milton,CID Rosé,112,Canada,https://cidreriemilton.com/,https://facebook.com/cidreriemilton,https://instagram.com/cidreriemilton,https://maps.google.com/?cid=9570102942420505240,https://www.tripadvisor.com/Attraction_Review-g11547718-d10105070,https://untappd.com/CidrerieMilton
Sparkling,🥇 GOLD,Apfelundwein,Secco Winterapfel Hilde,112,Germany,https://apfelundwein.de/,https://www.facebook.com/apfelundwein/,https://www.instagram.com/apfelundwein/,https://maps.google.com/?cid=10546461572269248873,https://www.tripadvisor.com/Attraction_Review-g642001-d9996165,https://untappd.com/w/apfelundwein-oberjosbach/210952
Sparkling,🥇 GOLD,Pomologik,Ice Ice Baby,111,Sweden,https://www.pomologik.se/,https://www.facebook.com/pomologik,https://www.instagram.com/Pomologik/,https://maps.google.com/?cid=17836181822390207936,,https://untappd.com/Pomologik_swe
Sparkling,🥇 GOLD,Mostschenke Brunner,"Apfelfrizzante ""Red Love""",111,Austria,https://www.mostschenke.com/,https://www.facebook.com/brunnermost,https://www.instagram.com/brunnermost/,https://maps.google.com/?cid=9656305552831248718,https://www.tripadvisor.com/Restaurant_Review-g3175997-d9608009,
Sparkling,🥇 GOLD,Sidra El Gaitero,Sidra Valle Ballina y Fernandez,111,Spain,https://www.sidraelgaitero.com/,https://www.facebook.com/grupoelgaitero,https://www.instagram.com/grupoelgaitero/,https://maps.google.com/?cid=15753532318992345137,https://www.tripadvisor.com/Attraction_Review-g608997-d3239389,https://untappd.com/brewery/4266
Sparkling,🥇 GOLD,Obstkelterei van Nahmen,van Nahmen Apfel-Cidre 4% vol.,110,Germany,https://www.vannahmen.de/,https://www.facebook.com/vanNahmen/,https://www.instagram.com/van_nahmen/,https://maps.google.com/?cid=7921764717680991434,https://www.tripadvisor.com/Attraction_Review-g1078333-d21378894,https://untappd.com/w/privatkelterei-van-nahmen/141926
Sparkling,🥇 GOLD,Gutshof Kraatz,Quittensecco,109,Germany,https://gutshof-kraatz.de/,https://www.facebook.com/GutshofKraatz/,https://www.instagram.com/gutshof_kraatz/,https://maps.google.com/?cid=4340203013602665820,https://www.tripadvisor.com/Restaurant_Review-g12097270-d10525275,https://untappd.com/w/kelterei-gutshof-kraatz/210948
Sparkling,🥇 GOLD,Sandalen Gård,Lindisfarne/Sandalen Gård,109,Norway,https://sandalengard.no/,https://www.facebook.com/sandalengard,https://www.instagram.com/sandalengard/,https://maps.google.com/?cid=16897274204164201537,,https://untappd.com/SandalenGrd
Sparkling,🥈 SILVER,Hardanger Saft og Siderfabrikk,Hardangersider Dronning,106,Norway,https://hardangersider.no/,https://www.facebook.com/HardangerSaftogSiderfabrikk/,https://www.instagram.com/hardangersaftogsiderfabrikk/,https://maps.google.com/?cid=12869878933054305699,https://www.tripadvisor.com/Attraction_Review-g7159542-d4893441,https://untappd.com/w/hardanger-saft-og-siderfabrikk/42913
Sparkling,🥈 SILVER,Meichle Obst- und Weinbau,Apfelperle Cidre,106,Germany,https://www.meichle-hagnau.de/,,,,,
Sparkling,🥈 SILVER,Natur und Mohr,OBSTcider,104,Germany,https://naturundmohr.de/,https://www.facebook.com/naturundmohrshop/,https://www.instagram.com/naturundmohr/,https://maps.google.com/?cid=1442772049758910733,,
Sparkling,🥈 SILVER,Mausser Most,RedLove Frizzante,104,Austria,https://maussermost.at/,https://www.facebook.com/maussermost,https://www.instagram.com/maussermost/,https://maps.google.com/?cid=7922019135177821652,https://www.tripadvisor.com/Restaurant_Review-g1916798-d5001742,
Sparkling,🥈 SILVER,Skarbø Gard,Skarbø Sider Arvegull,104,Norway,https://skarbogard.no/,https://www.facebook.com/skarbogard/,https://www.instagram.com/skarbogard/,https://maps.google.com/?cid=8459681002301363731,,https://untappd.com/w/skarbo-gard/467871
Sparkling,🥈 SILVER,Pomologik,Ingrid Marie,103,Sweden,https://www.pomologik.se/,https://www.facebook.com/pomologik,https://www.instagram.com/Pomologik/,https://maps.google.com/?cid=17836181822390207936,,https://untappd.com/Pomologik_swe
Sparkling,🥈 SILVER,Mostschenke Brunner,Brunhild Cider,103,Austria,https://www.mostschenke.com/,https://www.facebook.com/brunnermost,https://www.instagram.com/brunnermost/,https://maps.google.com/?cid=9656305552831248718,https://www.tripadvisor.com/Restaurant_Review-g3175997-d9608009,
Sparkling,🥈 SILVER,Der Stotz Hof,"Handcrafted Cider, Trocken",102,Germany,https://www.derstotzhof.de/,https://www.facebook.com/profile.php?id=100054260031327,https://www.instagram.com/der.stotz.hof/,https://maps.google.com/?cid=3320604804111245336,,https://untappd.com/w/der-stotz-hof/453292
Sparkling,🥈 SILVER,Cidrerie du Pays d'Auray,Cidre Brut,101,France,,,,https://maps.google.com/?cid=9205038680508918633,,https://untappd.com/w/cidrerie-du-pays-d-auray-frana-ois-maho/423523
Sparkling,🥈 SILVER,Alte Brennerei,L-2022-2 Birnen Secco,101,Germany,https://altebrennerei.com/,https://www.facebook.com/altebrennerei.backnang/,https://www.instagram.com/alte_brennerei/,https://maps.google.com/?cid=7817700984237736643,,
Sparkling,🥈 SILVER,VOG Products,ALPL - Golden Times,101,Italy,https://www.alplsparkling.com/,,https://www.instagram.com/alpl_sparkling/,https://maps.google.com/?cid=18244086340000282331,,
Sparkling,🥈 SILVER,Sidra Trabanco,Lagar De Camin Clasica Dulce,101,Spain,https://www.sidratrabanco.com/,https://www.facebook.com/sidratrabanco/,https://www.instagram.com/sidratrabanco/,https://maps.google.com/?cid=8706552013547802387,,https://untappd.com/brewery/6382
Sparkling,🥈 SILVER,Helleland Gard,Heldre Tausakjeldo,100,Norway,https://www.hellelandgard.no/,https://www.facebook.com/hellelandgard/,https://www.instagram.com/heldresider/,https://maps.google.com/?cid=16525259240171377871,,https://untappd.com/w/helleland-gard-heldre-sider/377451
Sparkling,🥈 SILVER,Quinta da Moscadinha,TN,100,Portugal,https://quintadamoscadinha.com/,https://www.facebook.com/quintadamoscadinha,https://www.instagram.com/moscadinha,https://maps.google.com/?cid=1405442820439409429,https://www.tripadvisor.com/Hotel_Review-g1190962-d23314913,https://untappd.com/w/quinta-da-moscadinha/538582
Sparkling,🥈 SILVER,TraunSecco,Speckbirn 2021,100,Austria,https://www.traunsecco.at/,https://www.facebook.com/TraunSecco/,https://www.instagram.com/traunsecco/,https://maps.google.com/?cid=186014569510597121,,
Sparkling,🥈 SILVER,Quinta da Moscadinha,Sparkling Natural Cider,100,Portugal,https://quintadamoscadinha.com/,https://www.facebook.com/quintadamoscadinha,https://www.instagram.com/moscadinha,https://maps.google.com/?cid=1405442820439409429,https://www.tripadvisor.com/Hotel_Review-g1190962-d23314913,https://untappd.com/w/quinta-da-moscadinha/538582
Sparkling,🥈 SILVER,TraunSecco,Bio Speckbirn 2022,100,Austria,https://www.traunsecco.at/,https://www.facebook.com/TraunSecco/,https://www.instagram.com/traunsecco/,https://maps.google.com/?cid=186014569510597121,,
Sparkling,🥈 SILVER,VOG Products,ALPL - Sunset Rosé,100,Italy,https://www.alplsparkling.com/,,https://www.instagram.com/alpl_sparkling/,https://maps.google.com/?cid=18244086340000282331,,
Sparkling,🥈 SILVER,Obst Jacoby,Saarschleifenwasser,99,Germany,http://www.obst-jacoby.de/,,,https://maps.google.com/?cid=11360827963253826112,,https://untappd.com/w/obstbau-jacoby/500421
Sparkling,🥈 SILVER,Kelterei Possmann,Possmann 1881,98,Germany,https://www.possmann.de/,https://www.facebook.com/possmann.apfelwein/,https://www.instagram.com/possmann_apfelwein/,https://maps.google.com/?cid=7171120638194976908,https://www.tripadvisor.com/Attraction_Review-g187337-d591782,https://untappd.com/w/kelterei-possmann/6861
Sparkling,🥈 SILVER,Pomologik,Cider State of Mind,98,Sweden,https://www.pomologik.se/,https://www.facebook.com/pomologik,https://www.instagram.com/Pomologik/,https://maps.google.com/?cid=17836181822390207936,,https://untappd.com/Pomologik_swe
Sparkling,🥈 SILVER,TraunSecco,Flamboy Rose 2022,98,Austria,https://www.traunsecco.at/,https://www.facebook.com/TraunSecco/,https://www.instagram.com/traunsecco/,https://maps.google.com/?cid=186014569510597121,,
Sparkling,🥈 SILVER,Kelterei Kaes,Kaes Apfelsecco,98,Germany,https://apfelweinkaes.de/,https://www.facebook.com/KeltereiKaes/,https://www.instagram.com/kelterei.kaes/,https://maps.google.com/?cid=14775549534266319023,,
Sparkling,🥈 SILVER,Cidrerie du Pays d'Auray,Cidre Fermier,97,France,,,,https://maps.google.com/?cid=9205038680508918633,,https://untappd.com/w/cidrerie-du-pays-d-auray-frana-ois-maho/423523
Sparkling,🥈 SILVER,Egge Gård,Egge Gård Liersider,97,Norway,https://egge.as/,https://www.facebook.com/eggegaard,https://www.instagram.com/eggegaard/,https://maps.google.com/?cid=12102226315088356258,https://www.tripadvisor.com/Attraction_Review-g2416366-d3474312,https://untappd.com/brewery/41885
Sparkling,🥉 HONOR,Sidra El Gaitero,Sidra El Gaitero Etiqueta Negra,95,Spain,https://www.sidraelgaitero.com/,https://www.facebook.com/grupoelgaitero,https://www.instagram.com/grupoelgaitero/,https://maps.google.com/?cid=15753532318992345137,https://www.tripadvisor.com/Attraction_Review-g608997-d3239389,https://untappd.com/brewery/4266
Sparkling,🥉 HONOR,Moststub'n Binderberg,Birnencider,94,Austria,https://binderberg.at/,,,https://maps.google.com/?cid=17913530165367274614,https://www.tripadvisor.com/Restaurant_Review-g1912628-d9610169,
Sparkling,🥉 HONOR,Graf Apfelwein,Graf Sparkling,94,Austria,https://graf-apfelwein.at/,https://www.facebook.com/profile.php?id=100093306042750,https://www.instagram.com/graf_apfelwein/,https://maps.google.com/?cid=951213740707234325,,
Sparkling,🥉 HONOR,FreuObst,Freude - Cuvée Nr. 1,94,Germany,,,https://www.instagram.com/freuobst/,,,
Sparkling,🥉 HONOR,Incider,Incider Sunny Apple,94,Switzerland,https://incider.ch/,,https://www.instagram.com/incider.ch/,https://maps.google.com/?cid=3404915409110002151,,https://untappd.com/INCIDER_CH
Sparkling,🥉 HONOR,Cidrerie Milton,CID Cuivré,93,Canada,https://cidreriemilton.com/,https://facebook.com/cidreriemilton,https://instagram.com/cidreriemilton,https://maps.google.com/?cid=9570102942420505240,https://www.tripadvisor.com/Attraction_Review-g11547718-d10105070,https://untappd.com/CidrerieMilton
Sparkling,🥉 HONOR,Helleland Gard,Heldre Discovery & Aroma,91,Norway,https://www.hellelandgard.no/,https://www.facebook.com/hellelandgard/,https://www.instagram.com/heldresider/,https://maps.google.com/?cid=16525259240171377871,,https://untappd.com/w/helleland-gard-heldre-sider/377451
Sparkling,🥉 HONOR,Natur und Mohr,Obstschäumle Apfel-Holunder,91,Germany,https://naturundmohr.de/,https://www.facebook.com/naturundmohrshop/,https://www.instagram.com/naturundmohr/,https://maps.google.com/?cid=1442772049758910733,,
Sparkling,🥉 HONOR,Quinta da Moscadinha,Sparkling Aged Cider,90,Portugal,https://quintadamoscadinha.com/,https://www.facebook.com/quintadamoscadinha,https://www.instagram.com/moscadinha,https://maps.google.com/?cid=1405442820439409429,https://www.tripadvisor.com/Hotel_Review-g1190962-d23314913,https://untappd.com/w/quinta-da-moscadinha/538582
Sparkling,🥉 HONOR,Cydrownia Filomelos,Perry Filomelos,90,Poland,https://www.filomelos.pl/,https://www.facebook.com/cydrfilomelos/,,https://maps.google.com/?cid=16799127381008481476,,https://untappd.com/Filomelos
Sparkling,🥉 HONOR,La Maison Ferré,Le Préféré de Marie,89,France,https://www.lamaisonferre.fr/,https://www.facebook.com/cidreduperche,https://www.instagram.com/la_maison_ferre,https://maps.google.com/?cid=13764361049917258070,https://www.tripadvisor.com/Attraction_Review-g4926524-d23694021,https://untappd.com/w/la-maison-ferrac/161574
Sparkling,🥉 HONOR,Apfelweinkontor,069 Cider,89,Germany,https://www.apfelweinkontor.com/,https://www.facebook.com/Apfelweinkontor,https://www.instagram.com/apfelweinkontor/,https://maps.google.com/?cid=599143855742456461,https://www.tripadvisor.com/Attraction_Review-g187337-d6922559,https://untappd.com/w/apfelweinkontor-frankfurt/468433
Sparkling,🥉 HONOR,Sidra El Gaitero,Sidra El Gaitero Extra,89,Spain,https://www.sidraelgaitero.com/,https://www.facebook.com/grupoelgaitero,https://www.instagram.com/grupoelgaitero/,https://maps.google.com/?cid=15753532318992345137,https://www.tripadvisor.com/Attraction_Review-g608997-d3239389,https://untappd.com/brewery/4266
Sparkling,🥉 HONOR,Roter Adam,Roter Adam Mousseux de Pomfi tal Brut 36,89,Germany,https://www.roteradam.de/,,,,,https://untappd.com/w/manufactur-apfeltraum/309238
Sparkling,🥉 HONOR,Pomologik,Cidre Nouveau,88,Sweden,https://www.pomologik.se/,https://www.facebook.com/pomologik,https://www.instagram.com/Pomologik/,https://maps.google.com/?cid=17836181822390207936,,https://untappd.com/Pomologik_swe
Sparkling,🥉 HONOR,Apfelweinkontor,Skylinesecco,88,Germany,https://www.apfelweinkontor.com/,https://www.facebook.com/Apfelweinkontor,https://www.instagram.com/apfelweinkontor/,https://maps.google.com/?cid=599143855742456461,https://www.tripadvisor.com/Attraction_Review-g187337-d6922559,https://untappd.com/w/apfelweinkontor-frankfurt/468433
Sparkling,🥉 HONOR,Villa Armos Craft Cider,Villa Armos Cider Medium,87,Armenia,https://villaarmos.am/,https://www.facebook.com/VillaArmosCraftCider/,https://www.instagram.com/villa_armos_craft_cider/,https://maps.google.com/?cid=2147742742106533461,,https://untappd.com/w/villa-armos/522505
Sparkling,🥉 HONOR,Haldenhof,HofCider Boskop,87,Germany,https://www.der-haldenhof.de/,https://www.facebook.com/DerHaldenhof,,https://maps.google.com/?cid=17530220713233182620,,
Sparkling,🥉 HONOR,Villa Armos Craft Cider,Villa Armos Cider Golden Delicious,86,Armenia,https://villaarmos.am/,https://www.facebook.com/VillaArmosCraftCider/,https://www.instagram.com/villa_armos_craft_cider/,https://maps.google.com/?cid=2147742742106533461,,https://untappd.com/w/villa-armos/522505
Sparkling,🥉 HONOR,Obstbau & Kelterei Schmitt,Melodie,84,Germany,https://www.obstbau-schmitt.de/,,,https://maps.google.com/?cid=17233320390791040809,,
Sparkling,🥉 HONOR,Nordappel,Nordappel Trockener AppelCider,84,Germany,https://www.nordappel.de/,https://www.facebook.com/Nordappelcider/,https://www.instagram.com/nordappelcider/,,,https://untappd.com/NordappelGmbH
Sparkling,🥉 HONOR,Sidra Trabanco,Pecado Del Paraiso Brut,80,Spain,https://www.sidratrabanco.com/,https://www.facebook.com/sidratrabanco/,https://www.instagram.com/sidratrabanco/,https://maps.google.com/?cid=8706552013547802387,,https://untappd.com/brewery/6382
Sparkling,🥉 HONOR,Quinta da Moscadinha,3 Barricas,80,Portugal,https://quintadamoscadinha.com/,https://www.facebook.com/quintadamoscadinha,https://www.instagram.com/moscadinha,https://maps.google.com/?cid=1405442820439409429,https://www.tripadvisor.com/Hotel_Review-g1190962-d23314913,https://untappd.com/w/quinta-da-moscadinha/538582
Sparkling,🥉 HONOR,Bereziartua,Sidra Ona,80,Spain,https://www.bereziartuasagardoa.com/,https://www.facebook.com/Bereziartua,https://www.instagram.com/SBereziartua/,https://maps.google.com/?cid=4287840169739792051,https://www.tripadvisor.com/Restaurant_Review-g1064182-d6740859,https://untappd.com/brewery/7553
Mixed & Flavoured,🥇 GOLD,TraunSecco,Bio Herzbluat 2022,116,Austria,https://www.traunsecco.at/,https://www.facebook.com/TraunSecco/,https://www.instagram.com/traunsecco/,https://maps.google.com/?cid=186014569510597121,,
Mixed & Flavoured,🥇 GOLD,Skarbø Gard,Skarbø Sider Glød,115,Norway,https://skarbogard.no/,https://www.facebook.com/skarbogard/,https://www.instagram.com/skarbogard/,https://maps.google.com/?cid=8459681002301363731,,https://untappd.com/w/skarbo-gard/467871
Mixed & Flavoured,🥇 GOLD,Sidra Somarroza,Biter Bio Somarroza,115,Spain,https://sidrasomarroza.es/,https://www.facebook.com/sidrasomarroza,https://www.instagram.com/sidrasomarroza/,https://maps.google.com/?cid=7109045394192195825,,https://untappd.com/w/somarroza/147830
Mixed & Flavoured,🥇 GOLD,Pomologik,Sommar Cider,114,Sweden,https://www.pomologik.se/,https://www.facebook.com/pomologik,https://www.instagram.com/Pomologik/,https://maps.google.com/?cid=17836181822390207936,,https://untappd.com/Pomologik_swe
Mixed & Flavoured,🥇 GOLD,Kelterei Possmann,Possmann 1881 Rosé,113,Germany,https://www.possmann.de/,https://www.facebook.com/possmann.apfelwein/,https://www.instagram.com/possmann_apfelwein/,https://maps.google.com/?cid=7171120638194976908,https://www.tripadvisor.com/Attraction_Review-g187337-d591782,https://untappd.com/w/kelterei-possmann/6861
Mixed & Flavoured,🥇 GOLD,Sandalen Gård,Bromlebasse/Sandalen Gård,111,Norway,https://sandalengard.no/,https://www.facebook.com/sandalengard,https://www.instagram.com/sandalengard/,https://maps.google.com/?cid=16897274204164201537,,https://untappd.com/SandalenGrd
Mixed & Flavoured,🥇 GOLD,Ebbelboi,Ebbelboi Cider Holunder,109,Germany,https://www.ebbelboi.com/,,https://www.instagram.com/ebbelboi.de/,https://maps.google.com/?cid=12712207984342946205,,https://untappd.com/w/ebbelboi/540160
Mixed & Flavoured,🥇 GOLD,Obstbauernhof Planner,"Apfelweichselcider ""Weixldirn""",109,Austria,https://www.apfelmann.at/,,,https://maps.google.com/?cid=4673464926047436794,,https://untappd.com/w/obstbauernhof-planner/449570
Mixed & Flavoured,🥇 GOLD,Pomologik,Replicant Pinot Noir,109,Sweden,https://www.pomologik.se/,https://www.facebook.com/pomologik,https://www.instagram.com/Pomologik/,https://maps.google.com/?cid=17836181822390207936,,https://untappd.com/Pomologik_swe
Mixed & Flavoured,🥈 SILVER,Abavas,"Abavas ""Hopped Cider""",105,Latvia,https://www.abavas.lv/,https://www.facebook.com/abavas.vinadaritava/,https://www.instagram.com/abavas_vini/,https://maps.google.com/?cid=11387034393378720853,https://www.tripadvisor.com/Attraction_Review-g608944-d23945082,https://untappd.com/w/sia-abavas-da-rzi/153183
Mixed & Flavoured,🥈 SILVER,Hardanger Saft og Siderfabrikk,Leikvin Rosèsider,104,Norway,https://hardangersider.no/,https://www.facebook.com/HardangerSaftogSiderfabrikk/,https://www.instagram.com/hardangersaftogsiderfabrikk/,https://maps.google.com/?cid=12869878933054305699,https://www.tripadvisor.com/Attraction_Review-g7159542-d4893441,https://untappd.com/w/hardanger-saft-og-siderfabrikk/42913
Mixed & Flavoured,🥈 SILVER,Yablo,Raspberry Morning,104,Ukraine,,https://www.facebook.com/yablocider,https://www.instagram.com/yablo_cider/,,,https://untappd.com/Yablo
Mixed & Flavoured,🥈 SILVER,Sidra El Gaitero,Gaitero Spanish Cider With Red Grape,99,Spain,https://www.sidraelgaitero.com/,https://www.facebook.com/grupoelgaitero,https://www.instagram.com/grupoelgaitero/,https://maps.google.com/?cid=15753532318992345137,https://www.tripadvisor.com/Attraction_Review-g608997-d3239389,https://untappd.com/brewery/4266
Mixed & Flavoured,🥈 SILVER,Nordappel,Nordappel Gehopfter AppelCider,98,Germany,https://www.nordappel.de/,https://www.facebook.com/Nordappelcider/,https://www.instagram.com/nordappelcider/,,,https://untappd.com/NordappelGmbH
Mixed & Flavoured,🥈 SILVER,OmCider,Odel,98,Norway,https://omcider.no/,https://www.facebook.com/OmCiderAS/,https://www.instagram.com/omcideras/,https://maps.google.com/?cid=1800091822223931241,,https://untappd.com/w/omcider/492586
Mixed & Flavoured,🥉 HONOR,Hardanger Saft og Siderfabrikk,Humle,94,Norway,https://hardangersider.no/,https://www.facebook.com/HardangerSaftogSiderfabrikk/,https://www.instagram.com/hardangersaftogsiderfabrikk/,https://maps.google.com/?cid=12869878933054305699,https://www.tripadvisor.com/Attraction_Review-g7159542-d4893441,https://untappd.com/w/hardanger-saft-og-siderfabrikk/42913
Mixed & Flavoured,🥉 HONOR,Cidrerie Milton,Hollyhop,83,Canada,https://cidreriemilton.com/,https://facebook.com/cidreriemilton,https://instagram.com/cidreriemilton,https://maps.google.com/?cid=9570102942420505240,https://www.tripadvisor.com/Attraction_Review-g11547718-d10105070,https://untappd.com/CidrerieMilton
Mixed & Flavoured,🥉 HONOR,Sidra Somarroza,La Sidruca con Limón,80,Spain,https://sidrasomarroza.es/,https://www.facebook.com/sidrasomarroza,https://www.instagram.com/sidrasomarroza/,https://maps.google.com/?cid=7109045394192195825,,https://untappd.com/w/somarroza/147830
Mixed & Flavoured,🥇 GOLD,Helleland Gard,Heldre Issider,119,Norway,https://www.hellelandgard.no/,https://www.facebook.com/hellelandgard/,https://www.instagram.com/heldresider/,https://maps.google.com/?cid=16525259240171377871,,https://untappd.com/w/helleland-gard-heldre-sider/377451
Mixed & Flavoured,🥇 GOLD,Pomologik,Rubinola,115,Sweden,https://www.pomologik.se/,https://www.facebook.com/pomologik,https://www.instagram.com/Pomologik/,https://maps.google.com/?cid=17836181822390207936,,https://untappd.com/Pomologik_swe
Mixed & Flavoured,🥇 GOLD,Pomologik,Comice,113,Sweden,https://www.pomologik.se/,https://www.facebook.com/pomologik,https://www.instagram.com/Pomologik/,https://maps.google.com/?cid=17836181822390207936,,https://untappd.com/Pomologik_swe
Mixed & Flavoured,🥇 GOLD,Cold Hand Winery,Malus Danica Royal 2019 - Icecider,111,Denmark,https://www.coldhandwinery.dk/,https://www.facebook.com/Cold-Hand-Winery-280396455326889/,https://www.instagram.com/cold_hand_winery/,https://maps.google.com/?cid=8847115036999398343,https://www.tripadvisor.com/Attraction_Review-g227594-d11638093,https://untappd.com/w/cold-hand-winery/101622
Mixed & Flavoured,🥇 GOLD,Cold Hand Winery,Sparkling Ice - Pure Apple,110,Denmark,https://www.coldhandwinery.dk/,https://www.facebook.com/Cold-Hand-Winery-280396455326889/,https://www.instagram.com/cold_hand_winery/,https://maps.google.com/?cid=8847115036999398343,https://www.tripadvisor.com/Attraction_Review-g227594-d11638093,https://untappd.com/w/cold-hand-winery/101622
Mixed & Flavoured,🥇 GOLD,Zapiain,Bizi-Goxo Ice Cider 2017,110,Spain,https://zapiain.eus/,https://www.facebook.com/zapiainsagardoa,https://www.instagram.com/zapiainsagardoa/,https://maps.google.com/?cid=16982677267877188990,https://www.tripadvisor.com/Restaurant_Review-g1064182-d3806229,https://untappd.com/ZapiainSagardoa
Mixed & Flavoured,🥇 GOLD,Hardanger Saft og Siderfabrikk,Issider,110,Norway,https://hardangersider.no/,https://www.facebook.com/HardangerSaftogSiderfabrikk/,https://www.instagram.com/hardangersaftogsiderfabrikk/,https://maps.google.com/?cid=12869878933054305699,https://www.tripadvisor.com/Attraction_Review-g7159542-d4893441,https://untappd.com/w/hardanger-saft-og-siderfabrikk/42913
Mixed & Flavoured,🥇 GOLD,Quinta da Moscadinha,Madeira Royal Cider (sweet),109,Portugal,https://quintadamoscadinha.com/,https://www.facebook.com/quintadamoscadinha,https://www.instagram.com/moscadinha,https://maps.google.com/?cid=1405442820439409429,https://www.tripadvisor.com/Hotel_Review-g1190962-d23314913,https://untappd.com/w/quinta-da-moscadinha/538582
Mixed & Flavoured,🥈 SILVER,Egge Gård,Egge Gård Iseple,107,Norway,https://egge.as/,https://www.facebook.com/eggegaard,https://www.instagram.com/eggegaard/,https://maps.google.com/?cid=12102226315088356258,https://www.tripadvisor.com/Attraction_Review-g2416366-d3474312,https://untappd.com/brewery/41885
Mixed & Flavoured,🥈 SILVER,Lepola Drinks,Lepola Vega Ice Cider,106,Finland,https://lepoladrinks.fi/,https://www.facebook.com/lepoladrinks/,https://www.instagram.com/lepola_drinks/,https://maps.google.com/?cid=10912023971262858580,,https://untappd.com/w/lepola/401095
Mixed & Flavoured,🥈 SILVER,Quinta da Moscadinha,Madeira Royal Cider (medium sweet),100,Portugal,https://quintadamoscadinha.com/,https://www.facebook.com/quintadamoscadinha,https://www.instagram.com/moscadinha,https://maps.google.com/?cid=1405442820439409429,https://www.tripadvisor.com/Hotel_Review-g1190962-d23314913,https://untappd.com/w/quinta-da-moscadinha/538582
Mixed & Flavoured,🥉 HONOR,Pomologik,Åkerö,96,Sweden,https://www.pomologik.se/,https://www.facebook.com/pomologik,https://www.instagram.com/Pomologik/,https://maps.google.com/?cid=17836181822390207936,,https://untappd.com/Pomologik_swe
Mixed & Flavoured,🥉 HONOR,Krenzers Rhön,Deep Sweet,96,Germany,https://rhoenerlebnis.de/,https://www.facebook.com/krenzersrhoen/,https://www.instagram.com/krenzersrhoen/,https://maps.google.com/?cid=15922504228976266945,https://www.tripadvisor.com/Hotel_Review-g2209506-d11774349,https://untappd.com/w/krenzers-rhon/304067
Mixed & Flavoured,🥉 HONOR,Hofkellerei Lackner,Eiskönigin,94,Austria,https://www.lackner-hofkellerei.at/,https://www.facebook.com/hofkellerei.lackner,https://www.instagram.com/hofkellerei.lackner/,https://maps.google.com/?cid=1698967066169668554,,https://untappd.com/w/lackner/374455
Mixed & Flavoured,🥉 HONOR,Krenzers Rhön,Angry Angels 13,86,Germany,https://rhoenerlebnis.de/,https://www.facebook.com/krenzersrhoen/,https://www.instagram.com/krenzersrhoen/,https://maps.google.com/?cid=15922504228976266945,https://www.tripadvisor.com/Hotel_Review-g2209506-d11774349,https://untappd.com/w/krenzers-rhon/304067
Non-Alcoholic,🥇 GOLD,Krenzers Rhön,Siggi,115,Germany,https://rhoenerlebnis.de/,https://www.facebook.com/krenzersrhoen/,https://www.instagram.com/krenzersrhoen/,https://maps.google.com/?cid=15922504228976266945,https://www.tripadvisor.com/Hotel_Review-g2209506-d11774349,https://untappd.com/w/krenzers-rhon/304067
Non-Alcoholic,🥇 GOLD,Meichle Obst- und Weinbau,Apfelperle Hibiskus & Schwarztee,113,Germany,https://www.meichle-hagnau.de/,,,,,
Non-Alcoholic,🥇 GOLD,Natur und Mohr,Obstschäumle Apfel-Holunder-Secco Alkoholfrei,110,Germany,https://naturundmohr.de/,https://www.facebook.com/naturundmohrshop/,https://www.instagram.com/naturundmohr/,https://maps.google.com/?cid=1442772049758910733,,
Non-Alcoholic,🥈 SILVER,Pomolo Obstweine,Apfel Quitte Secco ohne Alkohol,100,Germany,https://pomolo.de/,,,https://maps.google.com/?cid=6027824200436794210,,https://untappd.com/w/pomolo-obstweine/547099
Non-Alcoholic,🥉 HONOR,Meichle Obst- und Weinbau,Apfelperle Alkoholfrei,90,Germany,https://www.meichle-hagnau.de/,,,,,
Spirit,🥇 GOLD,Pomologik,Ingrid Marie XO,119,Sweden,https://www.pomologik.se/,https://www.facebook.com/pomologik,https://www.instagram.com/Pomologik/,https://maps.google.com/?cid=17836181822390207936,,https://untappd.com/Pomologik_swe
Spirit,🥇 GOLD,Pomologik,Gingrid / Pomologik,116,Sweden,https://www.pomologik.se/,https://www.facebook.com/pomologik,https://www.instagram.com/Pomologik/,https://maps.google.com/?cid=17836181822390207936,,https://untappd.com/Pomologik_swe
Spirit,🥇 GOLD,Cold Hand Winery,Malus X Masculine 2018,112,Denmark,https://www.coldhandwinery.dk/,https://www.facebook.com/Cold-Hand-Winery-280396455326889/,https://www.instagram.com/cold_hand_winery/,https://maps.google.com/?cid=8847115036999398343,https://www.tripadvisor.com/Attraction_Review-g227594-d11638093,https://untappd.com/w/cold-hand-winery/101622
Spirit,🥇 GOLD,Gutshof Kraatz,Lebensgeister,109,Germany,https://gutshof-kraatz.de/,https://www.facebook.com/GutshofKraatz/,https://www.instagram.com/gutshof_kraatz/,https://maps.google.com/?cid=4340203013602665820,https://www.tripadvisor.com/Restaurant_Review-g12097270-d10525275,https://untappd.com/w/kelterei-gutshof-kraatz/210948
Spirit,🥈 SILVER,Pomologik,Ingrid Marie Blanc,108,Sweden,https://www.pomologik.se/,https://www.facebook.com/pomologik,https://www.instagram.com/Pomologik/,https://maps.google.com/?cid=17836181822390207936,,https://untappd.com/Pomologik_swe
Spirit,🥈 SILVER,Pomologik,Äpplevit / Pomologik,102,Sweden,https://www.pomologik.se/,https://www.facebook.com/pomologik,https://www.instagram.com/Pomologik/,https://maps.google.com/?cid=17836181822390207936,,https://untappd.com/Pomologik_swe
Spirit,🥈 SILVER,Hardanger Saft og Siderfabrikk,Hardanger Eplebrennevin Apal,99,Norway,https://hardangersider.no/,https://www.facebook.com/HardangerSaftogSiderfabrikk/,https://www.instagram.com/hardangersaftogsiderfabrikk/,https://maps.google.com/?cid=12869878933054305699,https://www.tripadvisor.com/Attraction_Review-g7159542-d4893441,https://untappd.com/w/hardanger-saft-og-siderfabrikk/42913
