WID,Medalist,Region,Country,🥇 Gold,🥈 Silver,🥉 Bronze,🏅 Total,First,Last,Years,Status,Website,Facebook,Instagram,Google,Yelp,TripAdvisor,Untappd
196,Ciderboys,Wisconsin,United States,14,9,14,37,2014,2024,11,Active,"<a href=""http://www.ciderboys.com/"">Website</a>","<a href=""https://www.facebook.com/Ciderboys"">Facebook</a>","<a href=""https://www.instagram.com/Ciderboys/"">Instagram</a>","<a href=""https://maps.google.com/?cid=1756122992587390562"">Google</a>","<a href=""https://www.yelp.com/biz/stevens-point-brewery-stevens-point"">Yelp</a>","<a href=""https://www.tripadvisor.com/Attraction_Review-g60304-d2265035"">TripAdvisor</a>","<a href=""https://untappd.com/w/ciderboys-hard-cider/44552"">Untappd</a>"
664,Vermont Cider Company,Vermont,United States,13,13,11,37,2015,2024,10,Active,"<a href=""http://www.woodchuck.com/"">Website</a>","<a href=""https://www.facebook.com/WoodchuckCider"">Facebook</a>","<a href=""https://www.instagram.com/woodchuckcider/"">Instagram</a>","<a href=""https://maps.google.com/?cid=9402882086420367798"">Google</a>","<a href=""https://www.yelp.com/biz/woodchuck-hard-cidery-middlebury"">Yelp</a>","<a href=""https://www.tripadvisor.com/Attraction_Review-g57245-d7022345"">TripAdvisor</a>","<a href=""https://untappd.com/w/woodchuck-cidery/611"">Untappd</a>"
67,2 Towns Ciderhouse,Oregon,United States,8,12,6,26,2014,2024,8,Active,"<a href=""http://www.2townsciderhouse.com/"">Website</a>","<a href=""https://www.facebook.com/2townsciderhouse"">Facebook</a>","<a href=""https://www.instagram.com/2townscider/"">Instagram</a>","<a href=""https://maps.google.com/?cid=10429935694700508047"">Google</a>","<a href=""https://www.yelp.com/biz/2-towns-ciderhouse-corvallis"">Yelp</a>","<a href=""https://www.tripadvisor.com/Attraction_Review-g51817-d3417221"">TripAdvisor</a>","<a href=""https://untappd.com/w/2-towns-ciderhouse/12975"">Untappd</a>"
294,Glacial Till Vineyard & Winery,Nebraska,United States,14,5,6,25,2018,2024,7,Active,"<a href=""http://www.glacialtillvineyard.com/"">Website</a>","<a href=""https://www.facebook.com/glacialtillvineyard"">Facebook</a>","<a href=""https://www.instagram.com/glacialtillvineyard/"">Instagram</a>","<a href=""https://maps.google.com/?cid=185099829414435279"">Google</a>","<a href=""https://www.yelp.com/biz/glacial-till-tasting-room-ashland"">Yelp</a>","<a href=""https://www.tripadvisor.com/Attraction_Review-g29709-d5832186"">TripAdvisor</a>","<a href=""https://untappd.com/w/glacial-till-vineyard-and-winery/223758"">Untappd</a>"
97,Arsenal Cider House,Pennsylvania,United States,8,9,5,22,2018,2024,5,Active,"<a href=""https://www.arsenalciderhouse.com/lawrenceville/"">Website</a>","<a href=""https://www.facebook.com/ArsenalCider"">Facebook</a>","<a href=""https://www.instagram.com/arsenalcider/"">Instagram</a>","<a href=""https://maps.google.com/?cid=3302243150360255083"">Google</a>","<a href=""https://www.yelp.com/biz/arsenal-cider-house-and-wine-cellar-pittsburgh"">Yelp</a>","<a href=""https://www.tripadvisor.com/Attraction_Review-g53449-d4558019"">TripAdvisor</a>","<a href=""https://untappd.com/w/arsenal-cider-house/12282"">Untappd</a>"
87,Angry Orchard,New York,United States,4,11,7,22,2014,2022,6,Active,"<a href=""https://www.angryorchard.com/"">Website</a>","<a href=""https://www.facebook.com/AngryOrchard/"">Facebook</a>","<a href=""https://www.instagram.com/angryorchard/"">Instagram</a>","<a href=""https://maps.google.com/?cid=17467507983407382578"">Google</a>","<a href=""https://www.yelp.com/biz/angry-orchard-walden-2"">Yelp</a>","<a href=""https://www.tripadvisor.com/Attraction_Review-g48788-d10266026"">TripAdvisor</a>","<a href=""https://untappd.com/w/angry-orchard-cider-company/16455"">Untappd</a>"
179,ACE Cider,California,United States,7,5,4,16,2015,2024,8,Active,"<a href=""http://www.acecider.com/"">Website</a>","<a href=""https://www.facebook.com/AceCider"">Facebook</a>","<a href=""https://www.instagram.com/acecider/"">Instagram</a>",,"<a href=""https://www.yelp.com/biz/ace-premium-hard-ciders-sebastopol"">Yelp</a>","<a href=""https://www.tripadvisor.com/Attraction_Review-g33069-d3626497"">TripAdvisor</a>","<a href=""https://untappd.com/w/ace-cider-the-california-cider-company/331"">Untappd</a>"
10,Blake's Hard Cider Co.,Michigan,United States,5,7,4,16,2019,2024,6,Active,"<a href=""http://www.blakeshardcider.com/"">Website</a>","<a href=""https://www.facebook.com/blakeshardciderco"">Facebook</a>","<a href=""https://www.instagram.com/blakeshardciderco/"">Instagram</a>","<a href=""https://maps.google.com/?cid=15855146673119620480"">Google</a>","<a href=""https://www.yelp.com/biz/blakes-ciderhouse-and-winery-armada"">Yelp</a>","<a href=""https://www.tripadvisor.com/Attraction_Review-g29560-d6678501"">TripAdvisor</a>","<a href=""https://untappd.com/w/blakes-hard-cider-company/86334"">Untappd</a>"
661,Urban Tree Hard Cider,Georgia,United States,6,4,4,14,2016,2022,6,Active,"<a href=""https://urbantreecidery.com/"">Website</a>","<a href=""https://www.facebook.com/UrbanTreeCider/"">Facebook</a>","<a href=""https://www.instagram.com/urbantreecider/"">Instagram</a>",,,,"<a href=""https://untappd.com/w/urban-tree-cidery/260157"">Untappd</a>"
790,Heritage Estate Winery & Cidery,Ontario,Canada,8,3,2,13,2017,2020,4,Active,"<a href=""https://heritageestate.ca/"">Website</a>","<a href=""https://www.facebook.com/estateheritage/"">Facebook</a>","<a href=""https://www.instagram.com/estateheritage/"">Instagram</a>","<a href=""https://maps.google.com/?cid=9239224592277777662"">Google</a>",,"<a href=""https://www.tripadvisor.com/Attraction_Review-g154980-d11864452"">TripAdvisor</a>","<a href=""https://untappd.com/w/heritage-estate-winery-cidery/281135"">Untappd</a>"
167,Broski Ciderworks,Florida,United States,7,0,6,13,2017,2022,6,Inactive,,,,,,,
545,Sapsucker Farms Yellow Belly Cidery,Minnesota,United States,6,4,3,13,2016,2024,7,Active,"<a href=""https://www.sapsuckerfarms.com/"">Website</a>","<a href=""https://www.facebook.com/YellowBellyCider/"">Facebook</a>","<a href=""https://www.instagram.com/sapsuckerfarms/"">Instagram</a>","<a href=""https://maps.google.com/?cid=10529182272851607589"">Google</a>","<a href=""https://www.yelp.com/biz/sapsucker-farms-yellow-belly-cidery-mora"">Yelp</a>","<a href=""https://www.tripadvisor.com/Attraction_Review-g43337-d15594799"">TripAdvisor</a>","<a href=""https://untappd.com/w/sapsucker-farms/187535"">Untappd</a>"
152,Bold Rock Hard Cider,North Carolina,United States,4,5,4,13,2016,2024,6,Active,"<a href=""https://boldrock.com/"">Website</a>","<a href=""https://www.facebook.com/BoldRockHardCider/"">Facebook</a>","<a href=""https://www.instagram.com/boldrockhardcider/"">Instagram</a>","<a href=""https://maps.google.com/?cid=10604087929796439877"">Google</a>","<a href=""https://www.yelp.com/biz/bold-rock-hard-cider-mills-river-mills-river"">Yelp</a>","<a href=""https://www.tripadvisor.com/Attraction_Review-g1552723-d8862147"">TripAdvisor</a>","<a href=""https://untappd.com/v/bold-rock-mills-river-cidery/3954545"">Untappd</a>"
812,Niagara College Teaching Winery,Ontario,Canada,7,2,2,11,2016,2024,7,Active,"<a href=""https://www.ncteachingwinery.ca/"">Website</a>","<a href=""https://www.facebook.com/nctwinery/"">Facebook</a>","<a href=""https://www.instagram.com/nctwinery/"">Instagram</a>","<a href=""https://maps.google.com/?cid=2529664632400053188"">Google</a>","<a href=""https://www.yelp.com/biz/niagara-college-teaching-winery-niagara-on-the-lake"">Yelp</a>","<a href=""https://www.tripadvisor.com/Attraction_Review-g154999-d2414360"">TripAdvisor</a>","<a href=""https://untappd.com/w/niagara-college-teaching-winery/390649"">Untappd</a>"
345,Incline Cider Company,Washington,United States,5,3,3,11,2016,2023,7,Active,"<a href=""http://www.inclinecider.com/"">Website</a>","<a href=""https://www.facebook.com/inclinecider/"">Facebook</a>","<a href=""https://www.instagram.com/inclinecider/"">Instagram</a>","<a href=""https://maps.google.com/?cid=504944612388443997"">Google</a>","<a href=""https://www.yelp.com/biz/incline-cider-house-tacoma"">Yelp</a>","<a href=""https://www.tripadvisor.com/Attraction_Review-g58775-d22266571"">TripAdvisor</a>","<a href=""https://untappd.com/w/incline-cider-company/249584"">Untappd</a>"
490,Portland Cider Company,Oregon,United States,4,4,3,11,2017,2022,6,Active,"<a href=""http://portlandcider.com/"">Website</a>","<a href=""https://www.facebook.com/portlandcider"">Facebook</a>","<a href=""https://www.instagram.com/portlandcider/"">Instagram</a>","<a href=""https://maps.google.com/?cid=5897814277091816079"">Google</a>","<a href=""https://www.yelp.com/biz/portland-cider-company-clackamas"">Yelp</a>","<a href=""https://www.tripadvisor.com/Restaurant_Review-g51806-d6996793"">TripAdvisor</a>","<a href=""https://untappd.com/w/portland-cider-company/56260"">Untappd</a>"
408,FX Matt Brewing,New York,United States,3,3,5,11,2019,2024,6,Active,"<a href=""https://www.mckbev.com/"">Website</a>","<a href=""https://www.facebook.com/McKenziesHardCider/"">Facebook</a>","<a href=""https://www.instagram.com/mckenzieshardcider/"">Instagram</a>","<a href=""https://maps.google.com/?cid=16812627050434550372"">Google</a>","<a href=""https://www.yelp.com/biz/f-x-matt-brewing-utica"">Yelp</a>","<a href=""https://www.tripadvisor.com/Attraction_Review-g48759-d534580"">TripAdvisor</a>","<a href=""https://untappd.com/w/mckenzies-hard-cider/10931"">Untappd</a>"
841,Thornbury Craft Co.,Ontario,Canada,6,2,2,10,2023,2024,2,Active,"<a href=""https://thornburycraft.com/"">Website</a>","<a href=""https://www.facebook.com/thornburycraft"">Facebook</a>","<a href=""https://www.instagram.com/thornburycraft/"">Instagram</a>","<a href=""https://maps.google.com/?cid=17950053116977107226"">Google</a>","<a href=""https://www.yelp.com/biz/thornbury-village-cider-house-the-blue-mountains"">Yelp</a>","<a href=""https://www.tripadvisor.com/Attraction_Review-g676258-d12453165"">TripAdvisor</a>","<a href=""https://untappd.com/w/thornbury-village-cidery-and-brewery/10936"">Untappd</a>"
3177,Groupe Geloso,Quebec,Canada,4,5,1,10,2014,2022,8,Active,"<a href=""https://groupegeloso.com/"">Website</a>","<a href=""https://www.facebook.com/groupegeloso/"">Facebook</a>",,"<a href=""https://maps.google.com/?cid=14532853692172548925"">Google</a>",,,"<a href=""https://untappd.com/w/cidre-beaupre-groupe-geloso/21487"">Untappd</a>"
698,Wölffer Estate Vineyard,New York,United States,4,4,2,10,2022,2024,3,Active,"<a href=""http://www.wolffer.com/"">Website</a>",,,"<a href=""https://maps.google.com/?cid=10690409208604454007"">Google</a>","<a href=""https://www.yelp.com/biz/wolffer-estate-vineyard-sagaponack"">Yelp</a>","<a href=""https://www.tripadvisor.com/Attraction_Review-g48542-d593572"">TripAdvisor</a>","<a href=""https://untappd.com/w/wolffer-estate-vineyard/79243"">Untappd</a>"
712,Five Maidens Cider Company,Pennsylvania,United States,4,1,5,10,2022,2024,3,Active,"<a href=""https://5mcider.com/"">Website</a>","<a href=""https://www.facebook.com/5MCider/"">Facebook</a>","<a href=""https://www.instagram.com/5mcider/"">Instagram</a>","<a href=""https://maps.google.com/?cid=17669165397330541520"">Google</a>","<a href=""https://www.yelp.com/biz/five-maidens-cider-bethlehem"">Yelp</a>",,"<a href=""https://untappd.com/FiveMaidensCiderCo"">Untappd</a>"
229,d's Wicked Cider,Washington,United States,3,4,3,10,2015,2021,7,Active,"<a href=""http://dswickedcider.com/"">Website</a>","<a href=""https://www.facebook.com/dswickedcider/"">Facebook</a>","<a href=""https://www.instagram.com/dswickedciderco/"">Instagram</a>","<a href=""https://maps.google.com/?cid=2860292587896986843"">Google</a>","<a href=""https://www.yelp.com/biz/sun-river-vintners-kennewick"">Yelp</a>","<a href=""https://www.tripadvisor.com/Attraction_Review-g58536-d13007264"">TripAdvisor</a>","<a href=""https://untappd.com/w/ds-wicked-cider/158215"">Untappd</a>"
222,Coyote Hole Craft Beverages,Virginia,United States,2,4,4,10,2019,2023,5,Active,"<a href=""http://www.coyotehole.com/"">Website</a>","<a href=""https://www.facebook.com/CoyoteHole/"">Facebook</a>","<a href=""https://www.instagram.com/CoyoteHole/"">Instagram</a>","<a href=""https://maps.google.com/?cid=3893841626353972834"">Google</a>","<a href=""https://www.yelp.com/biz/coyote-hole-ciderworks-mineral"">Yelp</a>","<a href=""https://www.tripadvisor.com/Attraction_Review-g57973-d12510904"">TripAdvisor</a>","<a href=""https://untappd.com/w/coyote-hole-ciderworks/327669"">Untappd</a>"
3342,Samuel Smith's Brewery,North Yorkshire,England,3,3,2,8,2016,2020,5,Active,"<a href=""https://samuelsmithsbrewery.co.uk/"">Website</a>","<a href=""https://www.facebook.com/samuelsmithsbrewery/"">Facebook</a>","<a href=""https://www.instagram.com/samuelsmithsbrewery/"">Instagram</a>","<a href=""https://maps.google.com/?cid=15178745194059809638"">Google</a>",,,"<a href=""https://untappd.com/SamuelSmiths"">Untappd</a>"
63,Virtue Cider,Michigan,United States,2,5,1,8,2017,2019,3,Active,"<a href=""http://www.virtuecider.com/"">Website</a>","<a href=""https://www.facebook.com/virtuecider"">Facebook</a>","<a href=""https://www.instagram.com/virtuecider/"">Instagram</a>","<a href=""https://maps.google.com/?cid=8731167836057791034"">Google</a>","<a href=""https://www.yelp.com/biz/virtue-farm-fennville"">Yelp</a>","<a href=""https://www.tripadvisor.com/Attraction_Review-g42198-d7159911"">TripAdvisor</a>","<a href=""https://untappd.com/w/virtue-cider/24608"">Untappd</a>"
220,Country Boy Brewing,Kentucky,United States,2,4,2,8,2021,2024,4,Active,"<a href=""http://countryboybrewing.com/"">Website</a>","<a href=""https://www.facebook.com/CountryBoyBrewing"">Facebook</a>","<a href=""https://www.instagram.com/CountryBoybrewing/"">Instagram</a>","<a href=""https://maps.google.com/?cid=7007349802683802072"">Google</a>","<a href=""https://www.yelp.com/biz/country-boy-brewing-lexington"">Yelp</a>","<a href=""https://www.tripadvisor.com/Attraction_Review-g39588-d2661465"">TripAdvisor</a>","<a href=""https://untappd.com/w/country-boy-brewing/23693"">Untappd</a>"
515,Rhinegeist Brewery,Ohio,United States,2,4,2,8,2016,2022,6,Active,"<a href=""https://rhinegeist.com/"">Website</a>","<a href=""https://www.facebook.com/rhinegeist"">Facebook</a>","<a href=""https://www.instagram.com/rhinegeist/"">Instagram</a>","<a href=""https://maps.google.com/?cid=4624817204033581156"">Google</a>","<a href=""https://www.yelp.com/biz/rhinegeist-brewery-cincinnati"">Yelp</a>","<a href=""https://www.tripadvisor.com/Attraction_Review-g60993-d8618371"">TripAdvisor</a>","<a href=""https://untappd.com/w/rhinegeist-brewery/69953"">Untappd</a>"
550,Schilling Cider,Washington,United States,2,2,4,8,2016,2023,3,Active,"<a href=""https://schillingcider.com/"">Website</a>","<a href=""https://www.facebook.com/SchillingCider/"">Facebook</a>","<a href=""https://www.instagram.com/schillingcider/"">Instagram</a>","<a href=""https://maps.google.com/?cid=12281308087911884522"">Google</a>",,,"<a href=""https://untappd.com/w/schilling-cider/62413"">Untappd</a>"
631,Thor's Hard Cider,Minnesota,United States,2,1,5,8,2020,2022,3,Active,"<a href=""https://www.thorshardcider.com/"">Website</a>","<a href=""https://www.facebook.com/thorshardcider/"">Facebook</a>","<a href=""https://www.instagram.com/thorshardcider/"">Instagram</a>","<a href=""https://maps.google.com/?cid=16250618587804183842"">Google</a>","<a href=""https://www.yelp.com/biz/aamodts-apple-farm-stillwater"">Yelp</a>","<a href=""https://www.tripadvisor.com/Attraction_Review-g43552-d7146001"">TripAdvisor</a>","<a href=""https://untappd.com/w/thors-hard-cider/345130"">Untappd</a>"
915,Cider Corps,Arizona,United States,5,1,1,7,2019,2024,4,Active,"<a href=""https://cidercorpsaz.com/"">Website</a>","<a href=""https://www.facebook.com/cidercorps/"">Facebook</a>","<a href=""https://www.instagram.com/cidercorps/"">Instagram</a>","<a href=""https://maps.google.com/?cid=9593182908980696987"">Google</a>","<a href=""https://www.yelp.com/biz/cider-corps-mesa-5"">Yelp</a>","<a href=""https://www.tripadvisor.com/Attraction_Review-g31281-d13003044"">TripAdvisor</a>","<a href=""https://untappd.com/CiderCorps"">Untappd</a>"
124,Bent Ladder,Ohio,United States,4,0,3,7,2019,2024,5,Active,"<a href=""http://bentladder.com/"">Website</a>","<a href=""https://www.facebook.com/bentladder"">Facebook</a>","<a href=""https://www.instagram.com/bentladder/"">Instagram</a>","<a href=""https://maps.google.com/?cid=5886580381731979881"">Google</a>","<a href=""https://www.yelp.com/biz/rittman-orchard-rittman"">Yelp</a>","<a href=""https://www.tripadvisor.com/Attraction_Review-g50283-d1977165"">TripAdvisor</a>","<a href=""https://untappd.com/w/bent-ladder/295757"">Untappd</a>"
133,Black Apple Hard Cider,Arkansas,United States,3,3,1,7,2020,2023,3,Active,"<a href=""https://www.blackapplehardcider.com/"">Website</a>","<a href=""https://www.facebook.com/blackapplecrossing/"">Facebook</a>","<a href=""https://www.instagram.com/blackapplehardcider/"">Instagram</a>","<a href=""https://maps.google.com/?cid=5449257929643515916"">Google</a>","<a href=""https://www.yelp.com/biz/black-apple-crossing-springdale"">Yelp</a>","<a href=""https://www.tripadvisor.com/Attraction_Review-g31931-d8814858"">TripAdvisor</a>","<a href=""https://untappd.com/w/black-apple-crossing/211057"">Untappd</a>"
2170,Dingo Dog Brewing Company,North Carolina,United States,3,0,4,7,2018,2024,5,Active,"<a href=""https://www.dingodogbrewing.com/"">Website</a>","<a href=""https://www.facebook.com/dingodogbrewing"">Facebook</a>","<a href=""https://www.instagram.com/dingodogbrewing/"">Instagram</a>","<a href=""https://maps.google.com/?cid=855662940419552138"">Google</a>","<a href=""https://www.yelp.com/biz/dingo-dog-brewing-company-carrboro"">Yelp</a>",,"<a href=""https://untappd.com/DingoDogBrewing"">Untappd</a>"
2510,Maeloc,Galicia,Spain,2,2,3,7,2018,2021,4,Active,"<a href=""https://maelocway.com/"">Website</a>","<a href=""https://www.facebook.com/maelocway/"">Facebook</a>","<a href=""https://www.instagram.com/maelocway/"">Instagram</a>","<a href=""https://maps.google.com/?cid=11814015461660737074"">Google</a>",,,"<a href=""https://untappd.com/w/maeloc-cider/140146"">Untappd</a>"
1055,Vala's Orchard Cider,Nebraska,United States,1,4,2,7,2023,2024,2,Active,"<a href=""https://www.valasappleorchard.com/"">Website</a>","<a href=""https://www.facebook.com/ValasPumpkinPatch/"">Facebook</a>","<a href=""https://www.instagram.com/valaspumpkinpatch/"">Instagram</a>","<a href=""https://maps.google.com/?cid=15056510891597103165"">Google</a>","<a href=""https://www.yelp.com/biz/valas-pumpkin-patch-gretna"">Yelp</a>","<a href=""https://www.tripadvisor.com/Attraction_Review-g45597-d1932171"">TripAdvisor</a>","<a href=""https://untappd.com/w/vala-s-pumpkin-patch/478866"">Untappd</a>"
1074,Papa Moon Vineyards & Winery,Nebraska,United States,3,3,0,6,2021,2024,4,Active,"<a href=""https://www.papamoonvineyards.com/"">Website</a>","<a href=""https://www.facebook.com/Papamoonwines"">Facebook</a>","<a href=""https://www.instagram.com/papamoonciders/"">Instagram</a>","<a href=""https://maps.google.com/?cid=16564507604611639866"">Google</a>","<a href=""https://www.yelp.com/biz/papa-moon-vineyards-and-winery-scottsbluff"">Yelp</a>",,"<a href=""https://untappd.com/w/papa-moon-vineyards-winery-and-cider-house/472128"">Untappd</a>"
757,Clafeld Cider House,Ontario,Canada,2,3,1,6,2017,2020,3,Active,"<a href=""https://www.waupooswinery.com/"">Website</a>","<a href=""https://www.facebook.com/clafeldcider/"">Facebook</a>","<a href=""https://www.instagram.com/clafeldcider/"">Instagram</a>","<a href=""https://maps.google.com/?cid=14335401017140852929"">Google</a>","<a href=""https://www.yelp.com/biz/clafeld-market-prince-edward"">Yelp</a>","<a href=""https://www.tripadvisor.com/Attraction_Review-g3454068-d14194483"">TripAdvisor</a>","<a href=""https://untappd.com/w/clafeld-fruit-winery-market/207242"">Untappd</a>"
93,Apple Valley Cider Company,Colorado,United States,2,2,2,6,2021,2024,4,Active,"<a href=""http://www.applevalleycider.com/"">Website</a>","<a href=""https://www.facebook.com/applevalleycider/"">Facebook</a>","<a href=""https://www.instagram.com/applevalleyciderco/"">Instagram</a>","<a href=""https://maps.google.com/?cid=8798456079688966999"">Google</a>",,,"<a href=""https://untappd.com/w/apple-valley-cider-company/382129"">Untappd</a>"
2571,Eva Group,Navarre,Spain,2,1,3,6,2018,2020,3,Active,"<a href=""https://www.evasa.com/"">Website</a>",,,"<a href=""https://maps.google.com/?cid=546948451257487120"">Google</a>",,,"<a href=""https://untappd.com/EvaGroup"">Untappd</a>"
250,Duluth Cider,Minnesota,United States,4,0,1,5,2019,2022,4,Active,"<a href=""https://duluthcider.com/"">Website</a>","<a href=""https://www.facebook.com/duluth.cider/"">Facebook</a>","<a href=""https://www.instagram.com/duluthcider/"">Instagram</a>","<a href=""https://maps.google.com/?cid=3814310496447641516"">Google</a>","<a href=""https://www.yelp.com/biz/duluth-cider-duluth"">Yelp</a>","<a href=""https://www.tripadvisor.com/Attraction_Review-g43018-d16674091"">TripAdvisor</a>","<a href=""https://untappd.com/DuluthCider"">Untappd</a>"
197,Cigar City Cider & Mead,Florida,United States,3,2,0,5,2014,2022,5,Active,"<a href=""http://www.cigarcitycider.com/"">Website</a>","<a href=""https://www.facebook.com/CigarCityCider"">Facebook</a>","<a href=""https://www.instagram.com/cigarcitycider/"">Instagram</a>","<a href=""https://maps.google.com/?cid=105555702494086229"">Google</a>","<a href=""https://www.yelp.com/biz/cigar-city-brewing-tampa"">Yelp</a>","<a href=""https://www.tripadvisor.com/Attraction_Review-g34678-d4508513"">TripAdvisor</a>","<a href=""https://untappd.com/w/cigar-city-cider-and-mead/51632"">Untappd</a>"
3121,Missing Falls Brewery,Ohio,United States,2,2,1,5,2022,2024,3,Active,"<a href=""https://www.missingfalls.com/"">Website</a>","<a href=""https://www.facebook.com/MissingFallsBrewery/"">Facebook</a>","<a href=""https://www.instagram.com/missingfallsbrewery/"">Instagram</a>","<a href=""https://maps.google.com/?cid=16469758948621365687"">Google</a>","<a href=""https://www.yelp.com/biz/missing-falls-brewery-akron"">Yelp</a>","<a href=""https://www.tripadvisor.com/Restaurant_Review-g29912-d23413493"">TripAdvisor</a>","<a href=""https://untappd.com/MissingFalls"">Untappd</a>"
782,Duxbury Cider Company,Ontario,Canada,1,2,2,5,2021,2024,3,Active,"<a href=""https://www.theduxburyciderco.ca/"">Website</a>","<a href=""https://www.facebook.com/DuxburyCider/"">Facebook</a>","<a href=""https://www.instagram.com/duxburycider/"">Instagram</a>","<a href=""https://maps.google.com/?cid=18178962492954171012"">Google</a>",,,"<a href=""https://untappd.com/w/duxbury-cider-company/87748"">Untappd</a>"
462,One Tree Hard Cider,Washington,United States,1,2,2,5,2018,2023,3,Active,"<a href=""http://www.onetreehardcider.com/"">Website</a>","<a href=""https://www.facebook.com/OneTreeHardCider"">Facebook</a>","<a href=""https://www.instagram.com/onetreecider"">Instagram</a>","<a href=""https://maps.google.com/?cid=3782079883535213089"">Google</a>","<a href=""https://www.yelp.com/biz/one-tree-hard-cider-spokane-valley"">Yelp</a>","<a href=""https://www.tripadvisor.com/Restaurant_Review-g58759-d12802835"">TripAdvisor</a>","<a href=""https://untappd.com/w/one-tree-hard-cider/141397"">Untappd</a>"
170,Bryant's Cider,Virginia,United States,1,1,3,5,2020,2022,3,Active,"<a href=""https://bryantscider.com/"">Website</a>","<a href=""https://www.facebook.com/BryantsCiderFarm/"">Facebook</a>","<a href=""https://www.instagram.com/bryantscider/"">Instagram</a>","<a href=""https://maps.google.com/?cid=15598469607243113479"">Google</a>","<a href=""https://www.yelp.com/biz/bryants-cider-roseland"">Yelp</a>","<a href=""https://www.tripadvisor.com/Attraction_Review-g58143-d14196800"">TripAdvisor</a>","<a href=""https://untappd.com/w/bryant-s-cider/374591"">Untappd</a>"
236,Diskin Cider,Tennessee,United States,1,1,3,5,2019,2021,3,Active,"<a href=""http://www.diskincider.com/"">Website</a>",,"<a href=""https://www.instagram.com/diskincider/"">Instagram</a>","<a href=""https://maps.google.com/?cid=5465208715637137113"">Google</a>",,,"<a href=""https://untappd.com/w/diskin-cider/341259"">Untappd</a>"
306,Green Bench Brewing Co.,Florida,United States,1,1,3,5,2016,2020,5,Active,"<a href=""https://www.greenbenchbrewing.com/"">Website</a>","<a href=""https://www.facebook.com/GreenBenchBrewing/"">Facebook</a>","<a href=""https://www.instagram.com/greenbenchmeadcider/"">Instagram</a>","<a href=""https://maps.google.com/?cid=4473987284585319628"">Google</a>","<a href=""https://www.yelp.com/biz/green-bench-brewing-company-st-petersburg"">Yelp</a>","<a href=""https://www.tripadvisor.com/Attraction_Review-g34607-d8505685"">TripAdvisor</a>","<a href=""https://untappd.com/w/green-bench-mead-cider/184191"">Untappd</a>"
932,Two K Farms,Michigan,United States,0,3,2,5,2019,2021,2,Active,"<a href=""https://twokfarms.com/"">Website</a>","<a href=""https://www.facebook.com/twokfarms"">Facebook</a>","<a href=""https://www.instagram.com/twokfarms/"">Instagram</a>","<a href=""https://maps.google.com/?cid=10000035318484135155"">Google</a>","<a href=""https://www.yelp.com/biz/two-k-farms-cidery-and-winery-suttons-bay-10"">Yelp</a>","<a href=""https://www.tripadvisor.com/Attraction_Review-g42743-d15263080"">TripAdvisor</a>","<a href=""https://untappd.com/Two_K_Farms"">Untappd</a>"
330,High Limb Hard Cider,Massachusetts,United States,2,2,0,4,2021,2024,4,Active,"<a href=""https://www.highlimbcider.com/"">Website</a>","<a href=""https://www.facebook.com/highlimbcider/"">Facebook</a>","<a href=""https://www.instagram.com/highlimbcider/"">Instagram</a>","<a href=""https://maps.google.com/?cid=11042855047844464741"">Google</a>","<a href=""https://www.yelp.com/biz/high-limb-cider-plymouth"">Yelp</a>","<a href=""https://www.tripadvisor.com/Attraction_Review-g41773-d21723351"">TripAdvisor</a>","<a href=""https://untappd.com/w/high-limb-hard-cider/108620"">Untappd</a>"
104,Austin Eastciders,Texas,United States,2,1,1,4,2016,2024,2,Active,"<a href=""http://austineastciders.com/"">Website</a>","<a href=""https://www.facebook.com/eastciders/"">Facebook</a>","<a href=""https://www.instagram.com/eastciders/"">Instagram</a>","<a href=""https://maps.google.com/?cid=14699519440178528476"">Google</a>","<a href=""https://www.yelp.com/biz/austin-eastciders-collaboratory-austin"">Yelp</a>","<a href=""https://www.tripadvisor.com/Attraction_Review-g30196-d8561332"">TripAdvisor</a>","<a href=""https://untappd.com/w/austin-eastciders/18898"">Untappd</a>"
1757,Odd Brothers Craft Cider,Michigan,United States,1,2,1,4,2019,2022,2,Active,"<a href=""https://www.oddbrotherscider.com/"">Website</a>","<a href=""https://www.facebook.com/Odd-Brothers-Craft-Cider-793647507656990/"">Facebook</a>","<a href=""https://www.instagram.com/oddbrotherscider/"">Instagram</a>",,,,"<a href=""https://untappd.com/OddBrothersCraftCider"">Untappd</a>"
2193,Pacific Grove CiderWorks,California,United States,1,1,2,4,2020,2023,3,Active,"<a href=""https://pgciderworks.com/"">Website</a>",,,,,,"<a href=""https://untappd.com/w/pacific-grove-ciderworks/480168"">Untappd</a>"
102,Atlanta Hard Cider Co.,Georgia,United States,0,4,0,4,2019,2022,3,Active,"<a href=""https://www.atlantahardcider.com/"">Website</a>","<a href=""https://www.facebook.com/atlantahardcider/"">Facebook</a>","<a href=""https://www.instagram.com/atlantahardcider/"">Instagram</a>","<a href=""https://maps.google.com/?cid=15330589380276964489"">Google</a>",,,"<a href=""https://untappd.com/w/atlanta-hard-cider-co/364060"">Untappd</a>"
2252,Caribé Tropical Hard Cider,Florida,United States,0,3,1,4,2015,2019,4,Active,"<a href=""https://caribbreweryusa.com/"">Website</a>","<a href=""https://www.facebook.com/people/Carib-Brewery-USA/100071513900968/"">Facebook</a>",,"<a href=""https://maps.google.com/?cid=5794166466253271261"">Google</a>","<a href=""https://www.yelp.com/biz/carib-brewery-usa-cape-canaveral"">Yelp</a>",,"<a href=""https://untappd.com/floridabeer"">Untappd</a>"
1999,Les Celliers Associés,Brittany,France,0,3,1,4,2021,2022,2,Active,"<a href=""https://www.valderance.com/"">Website</a>","<a href=""https://www.facebook.com/ValdeRance/"">Facebook</a>","<a href=""https://www.instagram.com/lca_coop_cider/"">Instagram</a>","<a href=""https://maps.google.com/?cid=7883069809343472545"">Google</a>",,,"<a href=""https://untappd.com/LesCelliersAssocis"">Untappd</a>"
681,White Winter Winery,Wisconsin,United States,0,2,2,4,2017,2024,2,Active,"<a href=""https://whitewinter.com/"">Website</a>","<a href=""https://www.facebook.com/WhiteWinterWinery/"">Facebook</a>",,"<a href=""https://maps.google.com/?cid=13642608818447326025"">Google</a>","<a href=""https://www.yelp.com/biz/white-winter-winery-iron-river"">Yelp</a>","<a href=""https://www.tripadvisor.com/Attraction_Review-g59986-d2457860"">TripAdvisor</a>","<a href=""https://untappd.com/w/white-winter-winery/1359"">Untappd</a>"
3123,Windmill Ridge Acres,Ontario,Canada,2,1,0,3,2023,2024,2,Active,"<a href=""https://www.windmillridge.ca/"">Website</a>","<a href=""https://www.facebook.com/windmillridgeacres/"">Facebook</a>","<a href=""https://www.instagram.com/windmillridgeacres/"">Instagram</a>","<a href=""https://maps.google.com/?cid=15963586865573618177"">Google</a>",,,"<a href=""https://untappd.com/w/windmill-ridge-craft-brew/539150"">Untappd</a>"
547,Saro Cider,Nebraska,United States,1,2,0,3,2020,2021,2,Active,"<a href=""https://sarocider.com/"">Website</a>","<a href=""https://www.facebook.com/4SaroCider"">Facebook</a>","<a href=""https://www.instagram.com/sarocider/"">Instagram</a>","<a href=""https://maps.google.com/?cid=14239117714929818609"">Google</a>","<a href=""https://www.yelp.com/biz/saro-cider-lincoln"">Yelp</a>","<a href=""https://www.tripadvisor.com/Restaurant_Review-g45667-d15141590"">TripAdvisor</a>","<a href=""https://untappd.com/w/saro-cider/407311"">Untappd</a>"
2286,Apple Barrel Orchards,New York,United States,1,1,1,3,2023,2024,2,Active,"<a href=""https://applebarrelorchards.com/"">Website</a>","<a href=""https://www.facebook.com/applebarrelorchards"">Facebook</a>","<a href=""https://www.instagram.com/applebarrelorchards"">Instagram</a>","<a href=""https://maps.google.com/?cid=6734152269443403352"">Google</a>","<a href=""https://www.yelp.com/biz/apple-barrel-orchards-penn-yan"">Yelp</a>","<a href=""https://www.tripadvisor.com/Attraction_Review-g48378-d7187340"">TripAdvisor</a>","<a href=""https://untappd.com/w/apple-barrel-orchards/549035"">Untappd</a>"
12,Boss Cider Company,Michigan,United States,1,1,1,3,2020,2020,1,Active,"<a href=""https://www.bosscider.com/"">Website</a>","<a href=""https://www.facebook.com/BossCider"">Facebook</a>","<a href=""https://www.instagram.com/bosscider/"">Instagram</a>","<a href=""https://maps.google.com/?cid=1969051789610674635"">Google</a>","<a href=""https://www.yelp.com/biz/boss-cider-leslie"">Yelp</a>",,"<a href=""https://untappd.com/w/boss-cider-company/445688"">Untappd</a>"
999,Doc Waters Cidery,Maryland,United States,1,1,1,3,2023,2024,2,Active,"<a href=""https://www.docwaterscidery.com/"">Website</a>","<a href=""https://www.facebook.com/docwaterscidery"">Facebook</a>","<a href=""https://www.instagram.com/docwaterscidery/"">Instagram</a>","<a href=""https://maps.google.com/?cid=5897969821393799631"">Google</a>","<a href=""https://www.yelp.com/biz/doc-waters-cidery-germantown-3"">Yelp</a>",,"<a href=""https://untappd.com/w/doc-waters-cidery/408791"">Untappd</a>"
1133,Dunkertons Cider and Perry,Herefordshire,England,1,1,1,3,2016,2017,2,Active,"<a href=""https://www.dunkertonscider.co.uk/"">Website</a>","<a href=""https://www.facebook.com/dunkertonsorganiccider/"">Facebook</a>","<a href=""https://www.instagram.com/dunkertonscider/"">Instagram</a>","<a href=""https://maps.google.com/?cid=4719921113153419800"">Google</a>",,,"<a href=""https://untappd.com/brewery/12988"">Untappd</a>"
707,Muse Orchard,Virginia,United States,1,1,1,3,2021,2022,2,Active,,,,,,,"<a href=""https://untappd.com/w/widow-s-watch-cider/532630"">Untappd</a>"
495,Quantum Leap Winery,Florida,United States,1,1,1,3,2017,2020,3,Active,"<a href=""https://quantumleapwinery.com/"">Website</a>","<a href=""https://www.facebook.com/QuantumLeapWinery/"">Facebook</a>","<a href=""https://www.instagram.com/quantumleapwinery/"">Instagram</a>",,,,"<a href=""https://untappd.com/w/quantum-leap-winery/237930"">Untappd</a>"
650,Tumbling Creek Cider Company,Virginia,United States,1,1,1,3,2021,2023,3,Active,"<a href=""https://tumblingcreekcider.com/"">Website</a>","<a href=""https://www.facebook.com/TumblingCreekCider"">Facebook</a>","<a href=""https://www.instagram.com/tumblingcreekcider/"">Instagram</a>","<a href=""https://maps.google.com/?cid=8196003782694988545"">Google</a>",,,"<a href=""https://untappd.com/w/tumbling-creek-cider-company/447864"">Untappd</a>"
2035,Covered Bridge Brewing,Oregon,United States,1,0,2,3,2020,2022,3,Inactive,,,,,,,
415,Meriwether Cider Company,Idaho,United States,1,0,2,3,2018,2019,2,Active,"<a href=""https://www.meriwethercider.com/"">Website</a>","<a href=""https://www.facebook.com/meriwethercider"">Facebook</a>","<a href=""https://www.instagram.com/meriwethercider/"">Instagram</a>","<a href=""https://maps.google.com/?cid=7830741432069672416"">Google</a>","<a href=""https://www.yelp.com/biz/meriwether-cider-company-garden-city-2"">Yelp</a>","<a href=""https://www.tripadvisor.com/Attraction_Review-g35459-d10034505"">TripAdvisor</a>","<a href=""https://untappd.com/w/meriwether-cider-company/222316"">Untappd</a>"
553,Seattle Cider Company,Washington,United States,1,0,2,3,2016,2017,2,Active,"<a href=""http://www.seattlecidercompany.com/"">Website</a>","<a href=""https://www.facebook.com/SeattleCiderCo"">Facebook</a>","<a href=""https://www.instagram.com/seattleciderco/"">Instagram</a>","<a href=""https://maps.google.com/?cid=10339393864619567754"">Google</a>","<a href=""https://www.yelp.com/biz/seattle-cider-company-seattle"">Yelp</a>",,"<a href=""https://untappd.com/w/seattle-cider-company/75923"">Untappd</a>"
90,Appalachian Mountain Brewery,North Carolina,United States,0,3,0,3,2015,2017,3,Active,"<a href=""https://www.amb.beer/"">Website</a>","<a href=""https://www.facebook.com/appalachianmountain.brewery/"">Facebook</a>","<a href=""https://www.instagram.com/appalachianmountainbrewery/"">Instagram</a>","<a href=""https://maps.google.com/?cid=5564632093346928631"">Google</a>","<a href=""https://www.yelp.com/biz/appalachian-mountain-brewery-boone"">Yelp</a>","<a href=""https://www.tripadvisor.com/Attraction_Review-g48975-d4185372"">TripAdvisor</a>","<a href=""https://untappd.com/w/appalachian-mountain-cidery/199566"">Untappd</a>"
2239,Ola Brew,Hawaii,United States,0,3,0,3,2019,2022,3,Active,"<a href=""https://www.olabrewco.com/"">Website</a>","<a href=""https://www.facebook.com/OlaBrewCo"">Facebook</a>","<a href=""https://www.instagram.com/olabrewco/"">Instagram</a>","<a href=""https://maps.google.com/?cid=15799959683814156778"">Google</a>","<a href=""https://www.yelp.com/biz/ola-brew-kailua-kona"">Yelp</a>","<a href=""https://www.tripadvisor.com/Attraction_Review-g60872-d13368863"">TripAdvisor</a>","<a href=""https://untappd.com/OlaBrewCompany"">Untappd</a>"
2575,Jeff Carlson,Michigan,United States,0,2,1,3,2015,2024,3,Inactive,,,,,,,
432,Mountain West Cider Company,Utah,United States,0,2,1,3,2022,2023,2,Active,"<a href=""http://mountainwestcider.com/"">Website</a>","<a href=""https://www.facebook.com/MountainWestHardCider/"">Facebook</a>","<a href=""https://www.instagram.com/mountainwestcider/"">Instagram</a>","<a href=""https://maps.google.com/?cid=16538924633378887108"">Google</a>","<a href=""https://www.yelp.com/biz/mountain-west-cider-salt-lake-city"">Yelp</a>",,"<a href=""https://untappd.com/w/mountain-west-hard-cider/235312"">Untappd</a>"
126,Big B's Hard Cider,Colorado,United States,0,1,2,3,2016,2019,3,Active,"<a href=""https://www.bigbs.com/"">Website</a>","<a href=""https://www.facebook.com/visitbigbs"">Facebook</a>","<a href=""https://www.instagram.com/drinkbigbs"">Instagram</a>","<a href=""https://maps.google.com/?cid=78577038036310991"">Google</a>","<a href=""https://www.yelp.com/biz/delicious-orchards-hotchkiss"">Yelp</a>","<a href=""https://www.tripadvisor.com/Restaurant_Review-g33588-d4471856"">TripAdvisor</a>","<a href=""https://untappd.com/w/big-bs-fabulous-juices/100389"">Untappd</a>"
211,Common Cider Company,California,United States,0,1,2,3,2016,2019,3,Inactive,,,,,,,
353,Atomic Dog Hard Cider,Pennsylvania,United States,0,0,3,3,2017,2022,2,Active,"<a href=""https://atomicdoghardcider.com/"">Website</a>","<a href=""https://www.facebook.com/atomicdoghardcider"">Facebook</a>",,"<a href=""https://maps.google.com/?cid=7169999648774734369"">Google</a>","<a href=""https://www.yelp.com/biz/the-core-kitchen-at-atomic-dog-cidery-gettysburg"">Yelp</a>",,"<a href=""https://untappd.com/w/atomic-dog-cidery/547121"">Untappd</a>"
2178,Domaine des 5 D,Normandy,France,2,0,0,2,2016,2017,2,Active,"<a href=""http://cidreriedaufresne.com/"">Website</a>","<a href=""https://www.facebook.com/profile.php?id=100069411953752"">Facebook</a>",,"<a href=""https://maps.google.com/?cid=8401719320995507859"">Google</a>",,,"<a href=""https://untappd.com/CidrerieDaufresne"">Untappd</a>"
1908,Mount Diablo Cider Company,California,United States,2,0,0,2,2021,2022,2,Active,"<a href=""https://www.mountdiablocider.com/"">Website</a>","<a href=""https://www.facebook.com/mountdiablocider"">Facebook</a>","<a href=""https://www.instagram.com/mountdiablocider/"">Instagram</a>",,,,"<a href=""https://untappd.com/w/mount-diablo-cider-company/527606"">Untappd</a>"
497,Ragged Hill Cider,Massachusetts,United States,2,0,0,2,2018,2019,2,Active,"<a href=""https://www.raggedhillcider.com/"">Website</a>","<a href=""https://www.facebook.com/RaggedHillCider/"">Facebook</a>","<a href=""https://www.instagram.com/raggedhillcider/"">Instagram</a>","<a href=""https://maps.google.com/?cid=12743756096350248911"">Google</a>","<a href=""https://www.yelp.com/biz/ragged-hill-orchard-west-brookfield"">Yelp</a>","<a href=""https://www.tripadvisor.com/Attraction_Review-g41900-d13976564"">TripAdvisor</a>","<a href=""https://untappd.com/w/ragged-hill-cider-company/339946"">Untappd</a>"
3462,Thomas Brothers Hard Cider,California,United States,2,0,0,2,2019,2020,2,Inactive,,,,,,,
864,West Avenue Cider,Ontario,Canada,2,0,0,2,2016,2017,2,Active,"<a href=""https://www.westavenue.ca/"">Website</a>","<a href=""https://www.facebook.com/WestAvenueCider"">Facebook</a>","<a href=""https://www.instagram.com/westavenuecider/"">Instagram</a>","<a href=""https://maps.google.com/?cid=2732627738094534556"">Google</a>","<a href=""https://www.yelp.com/biz/west-avenue-cider-house-freelton"">Yelp</a>","<a href=""https://www.tripadvisor.com/Attraction_Review-g154990-d15192590"">TripAdvisor</a>","<a href=""https://untappd.com/w/west-avenue-cider/72499"">Untappd</a>"
103,Avid Cider,Oregon,United States,1,1,0,2,2018,2020,2,Active,"<a href=""https://avidcider.com/"">Website</a>","<a href=""https://www.facebook.com/AVIDCider/"">Facebook</a>","<a href=""https://www.instagram.com/avidcidercompany/"">Instagram</a>",,"<a href=""https://www.yelp.com/biz/atlas-cider-co-bend-2"">Yelp</a>","<a href=""https://www.tripadvisor.com/Attraction_Review-g51766-d6870614"">TripAdvisor</a>","<a href=""https://untappd.com/w/atlas-cider-company/65739"">Untappd</a>"
3459,Kopparberg,Örebro,Sweden,1,1,0,2,2021,2021,1,Active,"<a href=""https://kopparberg.com/"">Website</a>",,,"<a href=""https://maps.google.com/?cid=9190022698371839045"">Google</a>",,,"<a href=""https://untappd.com/w/kopparbergs-bryggeri/6350"">Untappd</a>"
3489,Trump Cidery,Virginia,United States,1,1,0,2,2024,2024,1,Active,"<a href=""https://www.trumpwinery.com/cidery/"">Website</a>","<a href=""https://www.facebook.com/profile.php?id=61556781914582"">Facebook</a>","<a href=""https://www.instagram.com/trumpcidery/"">Instagram</a>","<a href=""https://maps.google.com/?cid=5076746479216071156"">Google</a>","<a href=""https://www.yelp.com/biz/trump-cidery-no-title"">Yelp</a>","<a href=""https://www.tripadvisor.com/Restaurant_Review-g57592-d27958022"">TripAdvisor</a>","<a href=""https://untappd.com/w/trump-cidery/560673"">Untappd</a>"
2053,Vergers de Romilly,Normandy,France,1,1,0,2,2017,2018,2,Active,"<a href=""https://vergersderomilly.com/"">Website</a>","<a href=""https://www.facebook.com/romillycidre/"">Facebook</a>","<a href=""https://www.instagram.com/romillycidre/"">Instagram</a>","<a href=""https://maps.google.com/?cid=17784069933896314553"">Google</a>",,"<a href=""https://www.tripadvisor.com/Attraction_Review-g1009737-d2196474"">TripAdvisor</a>","<a href=""https://untappd.com/RomillyFrenchCidre"">Untappd</a>"
127,Big Fish Cider Co.,Virginia,United States,1,0,1,2,2020,2020,1,Active,"<a href=""http://www.bigfishcider.com/"">Website</a>","<a href=""https://www.facebook.com/BigFishCider/"">Facebook</a>","<a href=""https://www.instagram.com/big_fish_cider/"">Instagram</a>","<a href=""https://maps.google.com/?cid=10686446551531832863"">Google</a>","<a href=""https://www.yelp.com/biz/big-fish-cider-monterey"">Yelp</a>","<a href=""https://www.tripadvisor.com/Attraction_Review-g57982-d10413095"">TripAdvisor</a>","<a href=""https://untappd.com/w/big-fish-cider-co/202963"">Untappd</a>"
3116,Cherry Street Brewing,Georgia,United States,1,0,1,2,2023,2024,2,Active,"<a href=""https://cherrystreetbrewing.com/"">Website</a>","<a href=""https://www.facebook.com/cherrystreetbrewing/"">Facebook</a>","<a href=""https://www.instagram.com/cherrystreetbrewing/"">Instagram</a>","<a href=""https://maps.google.com/?cid=16068754441412803212"">Google</a>","<a href=""https://www.yelp.com/biz/cherry-street-brewing-cooperative-cumming"">Yelp</a>","<a href=""https://www.tripadvisor.com/Attraction_Review-g34877-d10428081"">TripAdvisor</a>","<a href=""https://untappd.com/CherryStreetBrewing"">Untappd</a>"
199,Citizen Cider,Vermont,United States,1,0,1,2,2016,2017,2,Active,"<a href=""https://www.citizencider.com/"">Website</a>","<a href=""https://www.facebook.com/citizencider"">Facebook</a>","<a href=""https://www.instagram.com/citizencider/"">Instagram</a>","<a href=""https://maps.google.com/?cid=705537445817027258"">Google</a>","<a href=""https://www.yelp.com/biz/citizen-cider-burlington"">Yelp</a>","<a href=""https://www.tripadvisor.com/Restaurant_Review-g57201-d6924616"">TripAdvisor</a>","<a href=""https://untappd.com/w/citizen-cider/24209"">Untappd</a>"
209,Colorado Cider Company,Colorado,United States,1,0,1,2,2016,2016,1,Active,"<a href=""http://www.coloradocider.com/"">Website</a>","<a href=""https://www.facebook.com/coloradocider"">Facebook</a>","<a href=""https://www.instagram.com/coloradocidercompany/"">Instagram</a>","<a href=""https://maps.google.com/?cid=9606181927626096546"">Google</a>","<a href=""https://www.yelp.com/biz/colorado-cider-denver"">Yelp</a>","<a href=""https://www.tripadvisor.com/Attraction_Review-g33388-d8505809"">TripAdvisor</a>","<a href=""https://untappd.com/w/colorado-cider-company/11426"">Untappd</a>"
2236,Sycamore Brewing,North Carolina,United States,1,0,1,2,2019,2019,1,Active,"<a href=""https://www.sycamorebrew.com/"">Website</a>","<a href=""https://www.facebook.com/SycamoreBrewing/"">Facebook</a>","<a href=""https://www.instagram.com/sycamorebrewing/"">Instagram</a>","<a href=""https://maps.google.com/?cid=4876898246003691885"">Google</a>","<a href=""https://www.yelp.com/biz/sycamore-brewing-charlotte-2"">Yelp</a>","<a href=""https://www.tripadvisor.com/Attraction_Review-g49022-d7234229"">TripAdvisor</a>","<a href=""https://untappd.com/SycamoreBrewing"">Untappd</a>"
949,Armageddon Brewing,New Jersey,United States,0,2,0,2,2024,2024,1,Active,"<a href=""https://www.armageddon-brewing.com/"">Website</a>","<a href=""https://www.facebook.com/armageddonbrewing"">Facebook</a>","<a href=""https://www.instagram.com/armageddonbrewing/"">Instagram</a>","<a href=""https://maps.google.com/?cid=14423006988471622028"">Google</a>","<a href=""https://www.yelp.com/biz/armageddon-brewing-somerdale"">Yelp</a>",,"<a href=""https://untappd.com/ArmageddonBrewing"">Untappd</a>"
789,Garage D'or Ciders,Ontario,Canada,0,2,0,2,2016,2017,2,Inactive,,,,,,,
303,Gowan's Heirloom Ciders,California,United States,0,2,0,2,2020,2020,1,Active,"<a href=""http://www.gowansheirloomcider.com/"">Website</a>","<a href=""https://www.facebook.com/gowanscider/"">Facebook</a>","<a href=""https://www.instagram.com/gowanscider/"">Instagram</a>","<a href=""https://maps.google.com/?cid=14585432541984297394"">Google</a>","<a href=""https://www.yelp.com/biz/gowan-s-cider-philo"">Yelp</a>","<a href=""https://www.tripadvisor.com/Attraction_Review-g32878-d23631277"">TripAdvisor</a>","<a href=""https://untappd.com/w/gowans-hard-cider/200818"">Untappd</a>"
716,401 Cider Brewery,Ontario,Canada,0,1,1,2,2016,2019,2,Active,"<a href=""https://www.401cidercompany.com/"">Website</a>","<a href=""https://www.facebook.com/401CiderBrewery/"">Facebook</a>","<a href=""https://www.instagram.com/401ciderbrewery/"">Instagram</a>","<a href=""https://maps.google.com/?cid=15904679425375007750"">Google</a>","<a href=""https://www.yelp.com/biz/the-big-apple-colborne"">Yelp</a>","<a href=""https://www.tripadvisor.com/Attraction_Review-g5414486-d586711"">TripAdvisor</a>","<a href=""https://untappd.com/w/401-brewery/207707"">Untappd</a>"
1642,Adams Cider Company,Tipperary,Ireland,0,1,1,2,2019,2019,1,Active,,"<a href=""https://www.facebook.com/devilsbitcider"">Facebook</a>","<a href=""https://www.instagram.com/devilsbitcider/"">Instagram</a>",,,,"<a href=""https://untappd.com/AdamsCiderCompany"">Untappd</a>"
128,Big Hill Ciderworks,Pennsylvania,United States,0,1,1,2,2016,2017,2,Active,"<a href=""https://www.bighillcider.com/"">Website</a>","<a href=""https://www.facebook.com/BigHillCider/"">Facebook</a>","<a href=""https://www.instagram.com/bighillciderworks"">Instagram</a>","<a href=""https://maps.google.com/?cid=11839293456795799865"">Google</a>","<a href=""https://www.yelp.com/biz/big-hill-ciderworks-gardners"">Yelp</a>","<a href=""https://www.tripadvisor.com/Restaurant_Review-g52702-d24083733"">TripAdvisor</a>","<a href=""https://untappd.com/w/big-hill-ciderworks/126817"">Untappd</a>"
464,Orchard Girls,Maine,United States,0,1,1,2,2022,2024,2,Active,"<a href=""http://orchardgirls.com/"">Website</a>","<a href=""https://www.facebook.com/orchardgirlscider/"">Facebook</a>","<a href=""https://www.instagram.com/orchardgirlscider"">Instagram</a>","<a href=""https://maps.google.com/?cid=2486607221948549190"">Google</a>","<a href=""https://www.yelp.com/biz/orchard-girls-cidery-kingfield"">Yelp</a>",,"<a href=""https://untappd.com/w/orchard-girls/420976"">Untappd</a>"
541,Sandia Hard Cider,New Mexico,United States,0,1,1,2,2022,2022,1,Active,,"<a href=""https://www.facebook.com/sandiahardcider/"">Facebook</a>","<a href=""https://www.instagram.com/sandiahardcider/"">Instagram</a>","<a href=""https://maps.google.com/?cid=10960141526376680070"">Google</a>","<a href=""https://www.yelp.com/biz/the-craftroom-albuquerque"">Yelp</a>",,"<a href=""https://untappd.com/w/sandia-hard-cider/286813"">Untappd</a>"
651,Turquoise Barn Cider,California,United States,0,1,1,2,2017,2018,2,Active,"<a href=""http://www.turquoisebarncider.com/"">Website</a>","<a href=""https://www.facebook.com/turquoisebarncider"">Facebook</a>","<a href=""https://www.instagram.com/turquoisebarncider/"">Instagram</a>","<a href=""https://maps.google.com/?cid=11982641167925504503"">Google</a>","<a href=""https://www.yelp.com/biz/turquoise-barn-cider-ramona"">Yelp</a>",,"<a href=""https://untappd.com/w/turquoise-barn-cider/210564"">Untappd</a>"
145,Blue Barn Cidery,New York,United States,0,0,2,2,2023,2024,2,Active,"<a href=""https://www.bluebarncidery.com/"">Website</a>",,,"<a href=""https://maps.google.com/?cid=8104758114885529003"">Google</a>","<a href=""https://www.yelp.com/biz/blue-barn-cidery-hilton"">Yelp</a>",,"<a href=""https://untappd.com/BlueBarnCidery"">Untappd</a>"
215,Contoocook Cider Company,New Hampshire,United States,0,0,2,2,2019,2020,2,Active,"<a href=""https://www.contoocookcider.com/"">Website</a>","<a href=""https://www.facebook.com/contoocookcider"">Facebook</a>","<a href=""https://www.instagram.com/contoocook_cider"">Instagram</a>","<a href=""https://maps.google.com/?cid=5608445815929475021"">Google</a>","<a href=""https://www.yelp.com/biz/contoocook-cider-co-contoocook"">Yelp</a>","<a href=""https://www.tripadvisor.com/Attraction_Review-g46053-d3546159"">TripAdvisor</a>","<a href=""https://untappd.com/w/contoocook-cider-company/356350"">Untappd</a>"
328,Hidden Cave Cidery,Wisconsin,United States,0,0,2,2,2018,2022,2,Active,"<a href=""https://www.hiddencavecidery.com/"">Website</a>","<a href=""https://www.facebook.com/hiddencavecidery/"">Facebook</a>","<a href=""https://www.instagram.com/hiddencavecidery"">Instagram</a>","<a href=""https://maps.google.com/?cid=2326894092775693665"">Google</a>","<a href=""https://www.yelp.com/biz/hidden-cave-cidery-middleton"">Yelp</a>",,"<a href=""https://untappd.com/w/hidden-cave-cidery/395008"">Untappd</a>"
339,Houston Cider Company,Texas,United States,0,0,2,2,2019,2019,1,Active,"<a href=""https://www.houstoncidertx.com/"">Website</a>","<a href=""https://www.facebook.com/houstoncidercompany"">Facebook</a>","<a href=""https://www.instagram.com/houstoncider/"">Instagram</a>","<a href=""https://maps.google.com/?cid=9879541345239427997"">Google</a>","<a href=""https://www.yelp.com/biz/town-in-city-brewing-company-houston"">Yelp</a>","<a href=""https://www.tripadvisor.com/Attraction_Review-g56003-d9609375"">TripAdvisor</a>","<a href=""https://untappd.com/w/houston-cider-company/300156"">Untappd</a>"
389,Liquid Alchemy Beverages,Delaware,United States,0,0,2,2,2017,2018,2,Active,"<a href=""https://www.liquidalchemybeverages.com/"">Website</a>","<a href=""https://www.facebook.com/LiquidAlchemyBeverages/"">Facebook</a>","<a href=""https://www.instagram.com/liquidalchemybeverages"">Instagram</a>","<a href=""https://maps.google.com/?cid=17392171192902258223"">Google</a>","<a href=""https://www.yelp.com/biz/liquid-alchemy-beverages-wilmington"">Yelp</a>","<a href=""https://www.tripadvisor.com/Attraction_Review-g34059-d12048635"">TripAdvisor</a>","<a href=""https://untappd.com/w/liquid-alchemy-beverages/224415"">Untappd</a>"
3721,Wise Man Brewing,North Carolina,United States,0,0,2,2,2024,2024,1,Active,"<a href=""https://www.wisemanbrewing.com/"">Website</a>","<a href=""https://www.facebook.com/wisemanbrewing/"">Facebook</a>","<a href=""https://www.instagram.com/wisemanbeer/"">Instagram</a>","<a href=""https://maps.google.com/?cid=13467140978540966884"">Google</a>","<a href=""https://www.yelp.com/biz/wise-man-brewing-winston-salem-3"">Yelp</a>","<a href=""https://www.tripadvisor.com/Attraction_Review-g49680-d12221328"">TripAdvisor</a>","<a href=""https://untappd.com/WiseManBrewing"">Untappd</a>"
1227,Aspall,Suffolk,England,1,0,0,1,2021,2021,1,Active,"<a href=""https://www.aspall.co.uk/"">Website</a>","<a href=""https://www.facebook.com/AspallUK/"">Facebook</a>","<a href=""https://www.instagram.com/aspalluk/"">Instagram</a>","<a href=""https://maps.google.com/?cid=12281573289882642327"">Google</a>",,,"<a href=""https://untappd.com/brewery/3468"">Untappd</a>"
3456,Cellar Door Cider,California,United States,1,0,0,1,2019,2019,1,Inactive,,,,,,,
290,Freewater Cider and Wine Company,Oregon,United States,1,0,0,1,2024,2024,1,Active,"<a href=""http://www.freewatercider.com/"">Website</a>",,,"<a href=""https://maps.google.com/?cid=3598112635185277642"">Google</a>",,"<a href=""https://www.tripadvisor.com/Attraction_Review-g51971-d23305550"">TripAdvisor</a>","<a href=""https://untappd.com/w/freewater-cider-co/419915"">Untappd</a>"
397,Lost Giants Cider Company,Washington,United States,1,0,0,1,2020,2020,1,Active,"<a href=""https://lostgiantscider.com/"">Website</a>","<a href=""https://www.facebook.com/LostGiantsCider"">Facebook</a>","<a href=""https://www.instagram.com/lostgiantsciderco"">Instagram</a>","<a href=""https://maps.google.com/?cid=3699889965366654678"">Google</a>","<a href=""https://www.yelp.com/biz/lost-giants-cider-company-bellingham"">Yelp</a>",,"<a href=""https://untappd.com/w/lost-giants-cider-company/395484"">Untappd</a>"
2219,Quartz Rock Vineyard,New York,United States,1,0,0,1,2024,2024,1,Active,"<a href=""https://quartzrockvineyard.com/"">Website</a>","<a href=""https://www.facebook.com/QuartzRockVineyard"">Facebook</a>","<a href=""https://www.instagram.com/bedrockcidery/"">Instagram</a>","<a href=""https://maps.google.com/?cid=1886322759965400402"">Google</a>","<a href=""https://www.yelp.com/biz/quartz-rock-vineyard-marlboro-2"">Yelp</a>","<a href=""https://www.tripadvisor.com/Attraction_Review-g48121-d3404475"">TripAdvisor</a>","<a href=""https://untappd.com/w/quartz-rock/537568"">Untappd</a>"
1119,Thatchers Cider,Somerset,England,1,0,0,1,2015,2015,1,Active,"<a href=""https://www.thatcherscider.co.uk/"">Website</a>","<a href=""https://www.facebook.com/ThatchersCiderCompany"">Facebook</a>","<a href=""https://www.instagram.com/thatcherscider/"">Instagram</a>","<a href=""https://maps.google.com/?cid=15191093037076298219"">Google</a>",,"<a href=""https://www.tripadvisor.com/Attraction_Review-g4412909-d11019728"">TripAdvisor</a>","<a href=""https://untappd.com/brewery/3063"">Untappd</a>"
58,Thornapple Brewing Company,Michigan,United States,1,0,0,1,2022,2022,1,Active,"<a href=""https://www.thornapplebrewing.com/"">Website</a>","<a href=""https://www.facebook.com/ThornappleBrewingCompany"">Facebook</a>","<a href=""https://www.instagram.com/thornapplebrewing/"">Instagram</a>","<a href=""https://maps.google.com/?cid=9646788014435304722"">Google</a>","<a href=""https://www.yelp.com/biz/thornapple-brewing-grand-rapids"">Yelp</a>","<a href=""https://www.tripadvisor.com/Restaurant_Review-g19275776-d12838215"">TripAdvisor</a>","<a href=""https://untappd.com/w/thornapple-brewing-co/344603"">Untappd</a>"
3454,Ægir Brugghús,Capital Region,Iceland,0,1,0,1,2019,2019,1,Inactive,,,,,,,
947,Beach Bee Meadery,New Jersey,United States,0,1,0,1,2023,2023,1,Active,"<a href=""https://www.beachbeemeadery.com/"">Website</a>","<a href=""https://www.facebook.com/beachbeemeadery/"">Facebook</a>","<a href=""https://www.instagram.com/drinkbeachbee/"">Instagram</a>","<a href=""https://maps.google.com/?cid=3925888969412189535"">Google</a>","<a href=""https://www.yelp.com/biz/beach-bee-meadery-long-branch"">Yelp</a>","<a href=""https://www.tripadvisor.com/Attraction_Review-g46582-d21226866"">TripAdvisor</a>","<a href=""https://untappd.com/w/beach-bee-meadery/452564"">Untappd</a>"
1895,Broken Brix,Illinois,United States,0,1,0,1,2020,2020,1,Active,"<a href=""http://homebrewshopltd.com/"">Website</a>","<a href=""https://www.facebook.com/homebrewshopltd"">Facebook</a>","<a href=""https://www.instagram.com/brokenbrix_cidery/"">Instagram</a>","<a href=""https://maps.google.com/?cid=11646904330402367413"">Google</a>",,,"<a href=""https://untappd.com/Broken_Brix"">Untappd</a>"
165,Brooklyn Cider House,New York,United States,0,1,0,1,2017,2017,1,Active,"<a href=""https://www.brooklynciderhouse.com/"">Website</a>","<a href=""https://www.facebook.com/brooklynciderhouse"">Facebook</a>","<a href=""https://www.instagram.com/brooklynciderhouse/"">Instagram</a>","<a href=""https://maps.google.com/?cid=3244654366527486527"">Google</a>","<a href=""https://www.yelp.com/biz/brooklyn-cider-house-new-paltz"">Yelp</a>","<a href=""https://www.tripadvisor.com/Attraction_Review-g48245-d8719294"">TripAdvisor</a>","<a href=""https://untappd.com/w/brooklyn-cider-house/234267"">Untappd</a>"
1829,Convergence Cider Works,Iowa,United States,0,1,0,1,2023,2023,1,Active,"<a href=""https://www.convergencecider.com/"">Website</a>","<a href=""https://www.facebook.com/convergencecider"">Facebook</a>","<a href=""https://www.instagram.com/convergence_ciderworks/"">Instagram</a>","<a href=""https://maps.google.com/?cid=3180343174506280077"">Google</a>","<a href=""https://www.yelp.com/biz/convergence-ciderworks-decorah-2"">Yelp</a>","<a href=""https://www.tripadvisor.com/Restaurant_Review-g37822-d23574179"">TripAdvisor</a>","<a href=""https://untappd.com/ConvergenceCiderWorks"">Untappd</a>"
1052,Easthampton Cider Project,Massachusetts,United States,0,1,0,1,2022,2022,1,Active,"<a href=""http://easthamptoncider.com/"">Website</a>","<a href=""https://www.facebook.com/easthamptonciderproject/"">Facebook</a>","<a href=""https://www.instagram.com/easthamptonciderproject/"">Instagram</a>","<a href=""https://maps.google.com/?cid=12789807318568837247"">Google</a>",,,"<a href=""https://untappd.com/w/easthampton-cider-project/486302"">Untappd</a>"
270,Far From The Tree Cider,Massachusetts,United States,0,1,0,1,2019,2019,1,Active,"<a href=""http://www.farfromthetreecider.com/"">Website</a>",,"<a href=""https://www.instagram.com/farfromthetreecider/"">Instagram</a>","<a href=""https://maps.google.com/?cid=4405176089815391594"">Google</a>","<a href=""https://www.yelp.com/biz/far-from-the-tree-cider-salem"">Yelp</a>","<a href=""https://www.tripadvisor.com/Attraction_Review-g60954-d8598457"">TripAdvisor</a>","<a href=""https://untappd.com/w/far-from-the-tree/128798"">Untappd</a>"
3722,James Werner,Wisconsin,United States,0,1,0,1,2024,2024,1,Inactive,,,,,,,
445,Newtopia Cyder,California,United States,0,1,0,1,2024,2024,1,Active,"<a href=""http://www.drinknewtopia.com/"">Website</a>","<a href=""https://www.facebook.com/NewtopiaCyder"">Facebook</a>","<a href=""https://www.instagram.com/newtopiacyder/"">Instagram</a>","<a href=""https://maps.google.com/?cid=12830879160117035367"">Google</a>",,,
594,Stoic Cider,Arizona,United States,0,1,0,1,2018,2018,1,Active,"<a href=""http://stoiccider.com/"">Website</a>","<a href=""https://www.facebook.com/StoicCider/"">Facebook</a>","<a href=""https://www.instagram.com/stoiccider/"">Instagram</a>","<a href=""https://maps.google.com/?cid=17055851363950061801"">Google</a>",,,"<a href=""https://untappd.com/w/stoic-cider/381562"">Untappd</a>"
908,Union Hill Cider Co.,Washington,United States,0,1,0,1,2022,2022,1,Active,"<a href=""https://www.unionhillciderco.com/"">Website</a>","<a href=""https://www.facebook.com/UnionHillCiderCo/"">Facebook</a>","<a href=""https://www.instagram.com/unionhillciderco/"">Instagram</a>","<a href=""https://maps.google.com/?cid=15999164221517255413"">Google</a>","<a href=""https://www.yelp.com/biz/union-hill-cider-east-wenatchee"">Yelp</a>",,"<a href=""https://untappd.com/UnionHillCiderCo"">Untappd</a>"
692,Winchester Ciderworks,Virginia,United States,0,1,0,1,2021,2021,1,Active,"<a href=""https://winchesterciderworks.com/"">Website</a>","<a href=""https://www.facebook.com/WinchesterCiderworks/"">Facebook</a>","<a href=""https://www.instagram.com/winchester_ciderworks/"">Instagram</a>","<a href=""https://maps.google.com/?cid=14098240591647193063"">Google</a>","<a href=""https://www.yelp.com/biz/winchester-ciderworks-winchester"">Yelp</a>","<a href=""https://www.tripadvisor.com/Attraction_Review-g58318-d12692853"">TripAdvisor</a>","<a href=""https://untappd.com/w/winchester-ciderworks/61540"">Untappd</a>"
75,1911 Established,New York,United States,0,0,1,1,2018,2018,1,Active,"<a href=""http://1911established.com/"">Website</a>",,"<a href=""https://www.instagram.com/1911established/"">Instagram</a>","<a href=""https://maps.google.com/?cid=13706571465768596510"">Google</a>","<a href=""https://www.yelp.com/biz/beak-and-skiff-apple-orchards-lafayette"">Yelp</a>","<a href=""https://www.tripadvisor.com/Attraction_Review-g48013-d4954731"">TripAdvisor</a>","<a href=""https://untappd.com/w/beak-and-skiff-apple-orchards/123121"">Untappd</a>"
69,5 Penny Hard Cider,Ohio,United States,0,0,1,1,2019,2019,1,Inactive,,,,,,,
3113,Andover Cider Co.,Massachusetts,United States,0,0,1,1,2023,2023,1,Active,"<a href=""https://andoverciderco.com/"">Website</a>",,"<a href=""https://www.instagram.com/andoverciderco/"">Instagram</a>",,,,"<a href=""https://untappd.com/w/andover-cider-co/556487"">Untappd</a>"
2121,Back Bay Brew House,Virginia,United States,0,0,1,1,2022,2022,1,Active,"<a href=""https://backbayfarmhouse.com/"">Website</a>","<a href=""https://www.facebook.com/backbayfarmhouse"">Facebook</a>","<a href=""https://www.instagram.com/backbayfarmhouse/"">Instagram</a>","<a href=""https://maps.google.com/?cid=720468098893736903"">Google</a>","<a href=""https://www.yelp.com/biz/back-bays-farmhouse-brewing-co-virginia-beach-2"">Yelp</a>",,"<a href=""https://untappd.com/BackBayFarmhouseBrewingCo"">Untappd</a>"
26,Blackgrass Ciderworks,Michigan,United States,0,0,1,1,2021,2021,1,Active,"<a href=""https://www.blackgrasscider.com/"">Website</a>","<a href=""https://www.facebook.com/blackgrasscider"">Facebook</a>","<a href=""https://www.instagram.com/BlackgrassCider/"">Instagram</a>","<a href=""https://maps.google.com/?cid=706094858439654713"">Google</a>","<a href=""https://www.yelp.com/biz/griffin-claw-brewing-company-birmingham"">Yelp</a>","<a href=""https://www.tripadvisor.com/Restaurant_Review-g41996-d4565497"">TripAdvisor</a>","<a href=""https://untappd.com/BlackgrassCiderworks"">Untappd</a>"
1804,Cider House of Wisconsin,Wisconsin,United States,0,0,1,1,2017,2017,1,Inactive,,,,,,,
3457,Colfax CiderWorks,California,United States,0,0,1,1,2022,2022,1,Inactive,,,,,,,
3458,Cranker's Brewery,Michigan,United States,0,0,1,1,2019,2019,1,Active,"<a href=""https://www.crankersbrewery.com/"">Website</a>","<a href=""https://www.facebook.com/CrankersBeer/"">Facebook</a>","<a href=""https://www.instagram.com/crankersbrewery/"">Instagram</a>","<a href=""https://maps.google.com/?cid=12050324371787893879"">Google</a>","<a href=""https://www.yelp.com/biz/crankers-brewery-big-rapids"">Yelp</a>","<a href=""https://www.tripadvisor.com/Restaurant_Review-g41993-d878175"">TripAdvisor</a>","<a href=""https://untappd.com/CrankersBrewery"">Untappd</a>"
262,ERIS Brewery & Cider House,Illinois,United States,0,0,1,1,2019,2019,1,Active,"<a href=""https://www.erischicago.com/"">Website</a>","<a href=""https://www.facebook.com/erischicago"">Facebook</a>","<a href=""https://www.instagram.com/erischicago/"">Instagram</a>","<a href=""https://maps.google.com/?cid=8228819364943835803"">Google</a>","<a href=""https://www.yelp.com/biz/eris-brewery-and-cider-house-chicago"">Yelp</a>","<a href=""https://www.tripadvisor.com/Restaurant_Review-g35805-d13418130"">TripAdvisor</a>","<a href=""https://untappd.com/w/eris-brewery-cider-house/379702"">Untappd</a>"
287,Foxcraft Hard Cider,California,United States,0,0,1,1,2017,2017,1,Inactive,,,,,,,
2096,Hawkes / BrewDog USA,Ohio,United States,0,0,1,1,2019,2019,1,Active,"<a href=""https://www.brewdog.com/usa/brewdog-dogtap-columbus"">Website</a>","<a href=""https://www.facebook.com/DogTapColumbus"">Facebook</a>","<a href=""https://www.instagram.com/ohiodogtap/"">Instagram</a>","<a href=""https://maps.google.com/?cid=3806023017261021678"">Google</a>","<a href=""https://www.yelp.com/biz/brewdog-dogtap-columbus-canal-winchester"">Yelp</a>","<a href=""https://www.tripadvisor.com/Attraction_Review-g50166-d12949852"">TripAdvisor</a>","<a href=""https://untappd.com/BrewDogUSA"">Untappd</a>"
3719,Inside the Five Brewing Co.,Ohio,United States,0,0,1,1,2024,2024,1,Active,"<a href=""https://www.insidethefivebrewing.com/"">Website</a>","<a href=""https://www.facebook.com/insidethefivebrewing"">Facebook</a>","<a href=""https://www.instagram.com/insidethefivebrewing"">Instagram</a>","<a href=""https://maps.google.com/?cid=10962149761049532364"">Google</a>","<a href=""https://www.yelp.com/biz/inside-the-five-fieldhouse-toledo"">Yelp</a>",,"<a href=""https://untappd.com/InsideTheFiveBrewingCompany"">Untappd</a>"
989,KingView Mead,Pennsylvania,United States,0,0,1,1,2021,2021,1,Active,"<a href=""https://www.kingviewmead.com/"">Website</a>","<a href=""https://www.facebook.com/kingviewmead/"">Facebook</a>","<a href=""https://www.instagram.com/KingViewMead/"">Instagram</a>","<a href=""https://maps.google.com/?cid=18105143648040517879"">Google</a>","<a href=""https://www.yelp.com/biz/kingview-meadhouse-and-winery-no-title"">Yelp</a>",,"<a href=""https://untappd.com/KingView"">Untappd</a>"
405,March First Brewing,Ohio,United States,0,0,1,1,2019,2019,1,Active,"<a href=""https://www.marchfirstbrewing.com/"">Website</a>","<a href=""https://www.facebook.com/marchfirstbrewing"">Facebook</a>","<a href=""https://www.instagram.com/m1cincy"">Instagram</a>","<a href=""https://maps.google.com/?cid=18349508478239444947"">Google</a>","<a href=""https://www.yelp.com/biz/march-first-brewing-cincinnati"">Yelp</a>","<a href=""https://www.tripadvisor.com/Attraction_Review-g60993-d12382320"">TripAdvisor</a>","<a href=""https://untappd.com/w/march-first-brewing/327077"">Untappd</a>"
3720,New Realm Brewing Company,Georgia,United States,0,0,1,1,2024,2024,1,Active,"<a href=""https://newrealmbrewing.com/"">Website</a>","<a href=""https://www.facebook.com/newrealmbrewing"">Facebook</a>","<a href=""https://www.instagram.com/newrealmbrewing/"">Instagram</a>","<a href=""https://maps.google.com/?cid=16933059652984821271"">Google</a>","<a href=""https://www.yelp.com/biz/new-realm-brewing-atlanta-3"">Yelp</a>","<a href=""https://www.tripadvisor.com/Restaurant_Review-g60898-d13370394"">TripAdvisor</a>","<a href=""https://untappd.com/NewRealmBrewingCompany"">Untappd</a>"
3460,Parsons North Brewing Co.,Ohio,United States,0,0,1,1,2022,2022,1,Active,"<a href=""https://www.parsonsnorth.com/"">Website</a>","<a href=""https://www.facebook.com/ParsonsNorthBeer"">Facebook</a>","<a href=""https://www.instagram.com/parsons_north/"">Instagram</a>","<a href=""https://maps.google.com/?cid=4884628808325036382"">Google</a>","<a href=""https://www.yelp.com/biz/parsons-north-brewing-columbus-5"">Yelp</a>","<a href=""https://www.tripadvisor.com/Attraction_Review-g50226-d20109253"">TripAdvisor</a>","<a href=""https://untappd.com/Parsons_North_Brewing_Company"">Untappd</a>"
3122,Penn Brewery,Pennsylvania,United States,0,0,1,1,2023,2023,1,Active,"<a href=""https://www.pennbrew.com/"">Website</a>","<a href=""https://www.facebook.com/PennBrewery"">Facebook</a>","<a href=""https://www.instagram.com/PennBrewery"">Instagram</a>","<a href=""https://maps.google.com/?cid=2498749404751387893"">Google</a>","<a href=""https://www.yelp.com/biz/penn-brewery-pittsburgh"">Yelp</a>","<a href=""https://www.tripadvisor.com/Restaurant_Review-g53449-d400956"">TripAdvisor</a>","<a href=""https://untappd.com/PennBrewery"">Untappd</a>"
2181,Ponderosa Cider Co.,California,United States,0,0,1,1,2023,2023,1,Active,"<a href=""https://www.ponderosacider.com/"">Website</a>","<a href=""https://www.facebook.com/Ponderosacider/"">Facebook</a>","<a href=""https://www.instagram.com/ponderosacider/"">Instagram</a>","<a href=""https://maps.google.com/?cid=8393289263225208220"">Google</a>","<a href=""https://www.yelp.com/biz/ponderosa-cider-auburn"">Yelp</a>",,"<a href=""https://untappd.com/PonderosaCiderCo"">Untappd</a>"
2247,Punx Cider Worx,Pennsylvania,United States,0,0,1,1,2024,2024,1,Active,,"<a href=""https://www.facebook.com/p/Punx-Cider-Worx-100089111281003/"">Facebook</a>","<a href=""https://www.instagram.com/punxciderworx/"">Instagram</a>",,,,"<a href=""https://untappd.com/w/punx-cider-worx/536367"">Untappd</a>"
3461,Rekorderlig,Kalmar,Sweden,0,0,1,1,2018,2018,1,Active,"<a href=""https://www.rekorderlig.se/"">Website</a>",,,"<a href=""https://maps.google.com/?cid=288919773440364044"">Google</a>",,,"<a href=""https://untappd.com/AbroBryggeri"">Untappd</a>"
1085,Sonoma Cider,California,United States,0,0,1,1,2014,2014,1,Active,"<a href=""https://www.sonomacider.com/"">Website</a>","<a href=""https://www.facebook.com/SonomaCider"">Facebook</a>","<a href=""https://www.instagram.com/sonomacider/"">Instagram</a>","<a href=""https://maps.google.com/?cid=17157123449258669495"">Google</a>","<a href=""https://www.yelp.com/biz/full-circle-brewing-company-fresno"">Yelp</a>","<a href=""https://www.tripadvisor.com/Restaurant_Review-g32414-d4441140"">TripAdvisor</a>","<a href=""https://untappd.com/SonomaCider"">Untappd</a>"
835,Spirit Tree Estate Cidery,Ontario,Canada,0,0,1,1,2016,2016,1,Active,"<a href=""https://spirittreecider.com/"">Website</a>","<a href=""https://www.facebook.com/spirittreecider/"">Facebook</a>","<a href=""https://www.instagram.com/spirittreecider/"">Instagram</a>","<a href=""https://maps.google.com/?cid=4800485022282341419"">Google</a>","<a href=""https://www.yelp.com/biz/spirit-tree-estate-cidery-caledon"">Yelp</a>","<a href=""https://www.tripadvisor.com/Attraction_Review-g671618-d2173333"">TripAdvisor</a>","<a href=""https://untappd.com/w/spirit-tree-estate-cidery/14271"">Untappd</a>"
3463,Wicked Barley,Florida,United States,0,0,1,1,2019,2019,1,Active,"<a href=""https://wickedbarley.com/"">Website</a>","<a href=""https://www.facebook.com/wickedbarleybrewing"">Facebook</a>","<a href=""https://www.instagram.com/wickedbarleybrewing"">Instagram</a>","<a href=""https://maps.google.com/?cid=6159195290257520834"">Google</a>","<a href=""https://www.yelp.com/biz/wicked-barley-brewing-jacksonville-2"">Yelp</a>","<a href=""https://www.tripadvisor.com/Restaurant_Review-g60805-d10770557"">TripAdvisor</a>","<a href=""https://untappd.com/WickedBarley"">Untappd</a>"
685,Wild State Cider,Minnesota,United States,0,0,1,1,2019,2019,1,Active,"<a href=""https://www.wildstatecider.com/"">Website</a>","<a href=""https://www.facebook.com/wildstatecider"">Facebook</a>","<a href=""https://www.instagram.com/wildstatecider"">Instagram</a>","<a href=""https://maps.google.com/?cid=9071493292280533216"">Google</a>","<a href=""https://www.yelp.com/biz/wild-state-cider-duluth"">Yelp</a>","<a href=""https://www.tripadvisor.com/Attraction_Review-g43018-d15344648"">TripAdvisor</a>","<a href=""https://untappd.com/WildStateCider"">Untappd</a>"
2044,Williamson Mead and Brewing,North Carolina,United States,0,0,1,1,2024,2024,1,Active,"<a href=""https://williamsonbrewing.com/"">Website</a>","<a href=""https://www.facebook.com/WilliamsonBrewing/"">Facebook</a>","<a href=""https://www.instagram.com/williamsonmeadandbrewing/"">Instagram</a>","<a href=""https://maps.google.com/?cid=9398213946413041794"">Google</a>","<a href=""https://www.yelp.com/biz/williamson-mead-and-brewing-glade-valley"">Yelp</a>",,
3464,Xaiko Beverages,California,United States,0,0,1,1,2020,2020,1,Inactive,,,,,,,
,Total,,,245,239,238,722,,,,,,,,,,,
